"id","출생연도","성별","배우자월평균소득","아이양육자","직업군대분류","고용형태","최종학력","취업유무","조사연도"
9,1980,2,1,0,2,1,4,5,2016
45,1981,2,1,0,-1,-1,4,6,2016
68,1979,2,1,0,-1,-1,4,6,2016
69,1983,1,0,0,2,1,4,5,2016
84,1980,1,1,0,0,1,4,5,2016
95,1990,2,1,0,-1,-1,4,6,2016
108,1985,2,1,1,0,1,4,5,2016
114,1982,1,1,1,0,1,4,5,2016
187,1981,1,0,0,1,1,4,5,2016
188,1979,2,1,0,-1,-1,4,6,2016
213,1983,2,1,1,1,1,5,5,2016
255,1984,1,1,1,0,1,4,5,2016
257,1981,1,1,0,0,1,4,5,2016
277,1986,2,1,0,2,2,4,5,2016
287,1983,2,1,0,0,1,4,5,2016
290,1984,2,1,1,0,1,4,5,2016
362,1982,1,0,0,0,1,4,5,2016
405,1981,1,0,0,2,1,4,5,2016
416,1980,2,1,0,2,1,5,5,2016
458,1984,1,0,0,1,1,4,5,2016
497,1986,2,1,0,2,1,5,5,2016
503,1982,1,0,0,1,1,5,5,2016
545,1987,2,1,1,-1,-1,4,6,2016
604,1983,2,1,0,-1,-1,4,6,2016
609,1979,1,0,0,2,1,4,5,2016
623,1987,2,1,0,1,1,4,5,2016
628,1986,2,1,0,0,1,4,5,2016
629,1983,2,1,0,-1,-1,4,6,2016
658,1981,1,0,0,1,1,4,5,2016
688,1980,1,0,0,0,1,4,5,2016
690,1985,2,1,0,-1,-1,4,6,2016
703,1981,2,1,0,-1,-1,4,6,2016
724,1981,1,0,0,0,1,4,5,2016
738,1979,2,1,0,-1,-1,4,6,2016
769,1980,2,1,0,2,1,4,5,2016
770,1983,2,1,2,0,1,4,5,2016
771,1980,2,1,0,-1,-1,4,6,2016
772,1985,2,0,0,-1,-1,4,6,2016
778,1981,1,0,0,0,1,4,5,2016
846,1984,1,0,0,2,1,5,5,2016
855,1979,2,1,0,-1,-1,5,6,2016
883,1981,2,1,1,0,1,4,5,2016
885,1981,2,1,1,0,1,5,5,2016
894,1984,2,1,0,-1,-1,4,6,2016
895,1980,1,0,0,1,1,4,5,2016
913,1979,1,1,0,1,1,5,5,2016
914,1982,1,1,1,2,1,4,5,2016
923,1984,1,0,0,0,1,4,5,2016
952,1981,2,1,0,0,1,4,5,2016
975,1983,2,1,0,0,1,4,5,2016
982,1978,2,1,0,-1,-1,4,6,2016
995,1980,1,0,0,2,1,4,5,2016
1059,1983,2,0,0,-1,-1,4,6,2016
1061,1985,2,1,0,-1,-1,4,6,2016
1070,1989,2,1,0,-1,-1,4,6,2016
1106,1983,2,1,0,2,2,4,5,2016
1109,1985,2,1,0,2,2,4,5,2016
1119,1978,2,1,0,0,1,4,5,2016
1166,1980,1,1,0,-1,-1,5,6,2016
1188,1981,1,0,2,0,1,4,5,2016
1189,1980,1,0,0,0,1,4,5,2016
1215,1986,2,1,0,2,1,5,5,2016
1245,1983,1,0,0,0,1,4,5,2016
1296,1979,2,0,0,-1,-1,4,6,2016
1297,1980,2,1,0,0,1,4,5,2016
1314,1978,1,0,0,1,1,4,5,2016
1315,1980,1,0,0,1,1,5,5,2016
1317,1983,1,0,0,0,1,4,5,2016
1326,1980,2,1,0,0,1,4,5,2016
1330,1978,1,1,0,2,1,4,5,2016
1354,1979,2,1,1,0,1,4,5,2016
1360,1985,2,1,2,0,1,4,5,2016
1380,1982,1,0,0,1,1,4,5,2016
1427,1983,2,1,0,-1,-1,5,6,2016
1429,1979,2,1,0,-1,-1,4,6,2016
1432,1985,1,0,0,2,1,4,5,2016
1440,1983,2,1,0,0,1,4,5,2016
1499,1989,2,1,0,-1,-1,4,6,2016
1554,1984,1,0,0,2,1,4,5,2016
1555,1982,1,0,0,1,1,4,5,2016
1577,1983,1,0,0,2,1,5,5,2016
1578,1985,2,0,0,-1,-1,4,6,2016
1579,1982,2,0,0,-1,-1,4,6,2016
1581,1985,2,0,0,-1,-1,5,6,2016
1632,1986,2,1,0,2,1,4,5,2016
1672,1981,2,1,1,2,1,5,5,2016
1673,1979,1,1,0,1,1,4,5,2016
1690,1983,1,0,0,2,1,4,5,2016
1722,1981,1,0,0,0,1,4,5,2016
1727,1985,1,0,0,0,1,4,5,2016
1739,1980,2,1,0,2,1,4,5,2016
1754,1982,2,1,0,2,1,4,5,2016
1770,1984,2,1,1,2,1,4,5,2016
1776,1981,2,1,0,2,1,4,5,2016
1781,1982,2,1,0,0,1,4,5,2016
1786,1982,2,1,0,-1,-1,4,6,2016
1787,1978,1,0,0,2,1,4,5,2016
1829,1986,2,0,0,0,1,4,5,2016
1834,1979,1,1,0,2,1,4,5,2016
1893,1981,1,0,0,2,1,4,5,2016
1896,1978,2,1,0,-1,-1,5,6,2016
1900,1979,2,1,1,0,1,4,5,2016
1901,1980,2,1,0,-1,-1,4,6,2016
1918,1981,2,1,0,-1,-1,4,6,2016
1921,1979,2,1,0,-1,-1,4,6,2016
1946,1980,1,1,0,1,1,4,5,2016
1950,1981,2,1,0,0,1,4,5,2016
1960,1983,1,0,0,2,2,4,5,2016
1961,1985,2,1,0,-1,-1,4,6,2016
1970,1984,1,0,0,0,1,4,5,2016
1986,1985,2,1,1,0,1,4,5,2016
1988,1983,1,0,0,0,1,4,5,2016
2016,1982,2,1,0,-1,-1,4,6,2016
2029,1980,2,1,0,-1,-1,5,6,2016
2043,1985,2,1,0,-1,-1,4,6,2016
2059,1984,2,1,1,2,1,4,5,2016
2075,1978,1,0,0,2,1,4,5,2016
2108,1981,1,0,0,0,1,4,5,2016
2109,1983,1,0,0,0,1,4,5,2016
2132,1987,2,0,0,-1,-1,4,6,2016
2192,1980,1,0,0,0,1,4,5,2016
2195,1985,2,1,0,-1,-1,4,6,2016
2228,1985,2,1,0,-1,-1,4,6,2016
2232,1981,2,1,2,-1,-1,5,6,2016
2255,1983,1,0,0,0,1,4,5,2016
2263,1987,2,0,0,-1,-1,4,6,2016
2266,1980,1,0,0,1,1,5,5,2016
2289,1985,1,0,0,0,1,4,5,2016
2304,1982,1,0,0,1,1,4,5,2016
2344,1978,1,1,1,2,1,4,5,2016
2345,1978,2,1,1,2,1,4,5,2016
2347,1985,1,0,0,0,1,4,5,2016
2351,1982,1,0,0,2,1,4,5,2016
2373,1983,1,0,0,2,1,4,5,2016
2410,1981,2,1,0,-1,-1,4,6,2016
2466,1987,2,1,1,2,1,4,5,2016
2476,1981,1,0,0,1,1,4,5,2016
2511,1979,1,0,0,2,1,4,5,2016
2525,1986,2,1,0,-1,-1,4,6,2016
2532,1980,1,0,0,2,1,4,5,2016
2539,1981,1,0,0,1,1,4,5,2016
2571,1982,2,1,0,0,1,4,5,2016
2579,1979,2,1,0,0,1,4,5,2016
2584,1981,1,1,0,1,1,5,5,2016
2585,1978,2,0,0,-1,-1,4,6,2016
2598,1985,2,1,0,0,2,4,5,2016
2624,1983,2,1,0,2,2,4,5,2016
2632,1980,1,0,0,2,1,4,5,2016
2633,1982,2,1,0,1,1,4,5,2016
2649,1980,1,1,1,1,1,4,5,2016
2653,1986,2,1,0,0,1,4,5,2016
2663,1986,1,1,0,2,1,4,5,2016
2683,1978,1,0,0,0,1,4,5,2016
2694,1984,1,0,0,2,1,4,5,2016
2703,1983,2,1,0,-1,-1,4,6,2016
2708,1984,2,0,0,-1,-1,4,6,2016
2709,1983,2,0,0,2,1,4,5,2016
2744,1985,2,0,0,-1,-1,4,6,2016
2745,1981,1,0,0,1,1,5,5,2016
2803,1981,2,1,0,2,1,4,5,2016
2836,1981,2,1,0,-1,-1,4,6,2016
2850,1978,2,1,0,-1,-1,4,6,2016
2856,1979,2,1,0,-1,-1,4,6,2016
2878,1978,1,0,0,2,1,4,5,2016
2887,1982,2,0,0,2,1,4,5,2016
2892,1979,2,1,0,2,1,5,5,2016
2894,1979,1,1,2,2,1,5,5,2016
2904,1986,2,1,0,-1,-1,4,6,2016
2918,1981,1,0,0,0,1,4,5,2016
2938,1987,2,1,0,-1,-1,4,6,2016
2943,1981,1,0,0,1,1,4,5,2016
2947,1982,1,0,0,2,1,4,5,2016
2948,1981,1,0,0,1,1,4,5,2016
2958,1982,2,1,0,-1,-1,4,6,2016
2965,1985,2,1,0,-1,-1,4,6,2016
2986,1983,1,0,0,0,1,4,5,2016
2990,1982,2,1,0,-1,-1,4,6,2016
2998,1983,1,0,0,2,1,4,5,2016
2999,1985,2,1,0,-1,-1,4,6,2016
3018,1981,2,1,0,-1,-1,4,6,2016
3026,1984,2,1,0,-1,-1,4,6,2016
3028,1979,1,0,0,1,1,4,5,2016
3065,1983,1,0,0,0,1,4,5,2016
3101,1985,2,1,0,-1,-1,5,6,2016
3104,1985,2,1,0,-1,-1,4,6,2016
3108,1980,2,1,0,-1,-1,4,6,2016
3120,1982,2,0,0,-1,-1,4,6,2016
3129,1982,2,1,0,0,1,5,5,2016
3160,1980,2,1,0,-1,-1,4,6,2016
3161,1983,2,1,1,-1,-1,4,6,2016
3164,1980,1,0,0,2,1,4,5,2016
3166,1981,2,1,1,0,1,4,5,2016
3175,1981,2,1,1,2,2,4,5,2016
3203,1982,2,1,1,0,1,4,5,2016
3258,1980,2,1,1,0,1,4,5,2016
3304,1984,2,1,0,-1,-1,4,6,2016
3314,1986,2,1,0,-1,-1,4,6,2016
3319,1984,2,1,0,2,1,4,5,2016
3341,1983,2,1,0,2,1,4,5,2016
3345,1984,1,1,1,0,1,4,5,2016
3361,1984,2,1,0,-1,-1,4,6,2016
3383,1979,2,1,0,-1,-1,4,6,2016
3395,1990,1,0,1,2,1,4,5,2016
3478,1984,2,2,1,2,1,4,5,2016
3493,1989,2,1,0,-1,-1,4,6,2016
3502,1982,2,1,0,0,1,4,5,2016
3511,1982,1,0,0,0,1,5,5,2016
3583,1980,2,1,0,0,2,4,5,2016
3584,1979,2,1,0,0,1,4,5,2016
3657,1988,2,1,0,-1,-1,4,6,2016
3661,1978,1,1,1,2,1,4,5,2016
3705,1978,2,1,0,-1,-1,4,6,2016
3734,1982,2,1,0,0,1,4,5,2016
3736,1988,2,0,0,-1,-1,4,6,2016
3737,1991,2,1,1,2,1,4,5,2016
3750,1981,1,0,0,2,1,4,5,2016
3781,1982,1,0,0,0,1,4,5,2016
3790,1979,2,1,0,-1,-1,4,6,2016
3798,1978,1,1,0,1,1,4,5,2016
3799,1985,2,0,0,-1,-1,4,6,2016
3823,1979,1,0,0,0,1,4,5,2016
3860,1984,1,0,0,1,1,4,5,2016
3869,1983,1,1,1,0,1,4,5,2016
3890,1985,2,1,1,0,1,4,5,2016
3913,1983,1,0,0,1,1,5,5,2016
3921,1983,2,1,0,-1,-1,4,6,2016
3935,1983,2,1,0,-1,-1,4,6,2016
3938,1980,2,1,0,-1,-1,5,6,2016
3965,1981,1,1,0,0,1,4,5,2016
3971,1982,2,0,0,-1,-1,4,6,2016
3985,1979,2,1,1,0,1,5,5,2016
4026,1983,2,1,0,0,2,4,5,2016
4032,1982,1,1,2,0,1,4,5,2016
4040,1980,1,1,0,0,1,4,5,2016
4041,1982,1,0,0,1,1,4,5,2016
4045,1983,2,1,0,-1,-1,4,6,2016
4046,1981,1,0,0,0,1,4,5,2016
4061,1987,2,1,0,-1,-1,4,6,2016
4071,1983,1,1,1,2,1,4,5,2016
4129,1978,1,0,0,0,1,4,5,2016
4130,1980,2,1,0,2,1,5,5,2016
4157,1985,2,1,1,2,1,4,5,2016
4184,1982,1,0,0,2,2,4,5,2016
4210,1980,1,0,0,2,1,4,5,2016
4215,1983,2,1,0,-1,-1,5,6,2016
4220,1978,2,1,0,-1,-1,4,6,2016
4226,1985,1,0,0,1,1,4,5,2016
4253,1982,2,1,0,-1,-1,5,6,2016
4292,1979,1,1,2,2,1,5,5,2016
4333,1984,1,1,0,1,1,4,5,2016
4342,1982,2,1,0,2,2,4,5,2016
4380,1982,2,1,0,2,1,4,5,2016
4382,1984,2,1,0,-1,-1,4,6,2016
4392,1981,1,0,0,1,1,4,5,2016
4420,1981,2,1,0,-1,-1,4,6,2016
4421,1981,2,1,0,-1,-1,4,6,2016
4455,1981,1,0,0,0,1,4,5,2016
4457,1987,2,1,0,-1,-1,5,6,2016
4464,1981,2,1,0,-1,-1,4,6,2016
4465,1984,1,0,0,0,2,4,5,2016
4478,1982,2,1,0,-1,-1,4,6,2016
4492,1981,1,0,0,2,1,4,5,2016
4496,1982,1,0,0,0,1,4,5,2016
4506,1979,1,0,0,0,1,4,5,2016
4524,1980,1,1,1,1,1,4,5,2016
4531,1982,1,1,0,1,1,5,5,2016
4602,1980,2,1,0,-1,-1,4,6,2016
4606,1983,2,1,0,0,1,4,5,2016
4626,1982,2,1,0,-1,-1,5,6,2016
4643,1983,2,1,0,0,1,4,5,2016
4760,1983,1,0,0,2,1,4,5,2016
4770,1980,2,1,0,0,1,4,5,2016
4799,1987,2,1,1,-1,-1,4,6,2016
4822,1980,2,1,1,-1,-1,4,6,2016
4879,1982,1,0,0,0,1,4,5,2016
4909,1980,2,1,0,-1,-1,4,6,2016
4910,1981,2,1,0,-1,-1,4,6,2016
4959,1982,2,1,0,-1,-1,4,6,2016
5034,1982,2,1,1,2,1,4,5,2016
5051,1980,2,1,0,-1,-1,5,6,2016
5098,1978,1,0,0,0,1,4,5,2016
5112,1978,2,0,0,-1,-1,4,6,2016
5113,1978,1,1,0,1,1,5,5,2016
5120,1980,1,0,0,0,1,4,5,2016
5126,1981,1,0,0,0,1,4,5,2016
5128,1983,2,1,0,-1,-1,4,6,2016
5129,1981,1,1,0,1,2,4,5,2016
5137,1984,2,1,0,0,1,4,5,2016
5138,1982,2,1,0,2,1,5,5,2016
5140,1978,2,0,0,-1,-1,5,6,2016
5150,1984,2,1,2,2,1,4,5,2016
5180,1988,2,1,0,-1,-1,4,6,2016
5181,1979,1,0,0,0,2,4,5,2016
5214,1978,1,0,0,0,1,4,5,2016
5227,1979,1,0,0,2,1,4,5,2016
5230,1983,2,1,0,-1,-1,4,6,2016
5266,1980,1,0,0,2,1,4,5,2016
5308,1986,1,0,0,0,1,4,5,2016
5312,1983,1,0,0,1,1,4,5,2016
5367,1984,2,1,0,2,1,4,5,2016
5410,1985,1,1,1,0,1,4,5,2016
5438,1985,2,1,0,-1,-1,4,6,2016
5454,1982,2,1,0,-1,-1,4,6,2016
5455,1981,1,0,0,0,1,4,5,2016
5477,1980,2,1,0,-1,-1,4,6,2016
5478,1983,2,1,0,-1,-1,4,6,2016
5531,1986,2,1,0,-1,-1,4,6,2016
5540,1983,1,0,1,2,1,4,5,2016
5551,1990,2,0,0,-1,-1,4,6,2016
5573,1980,1,0,0,0,1,4,5,2016
5619,1982,1,0,0,0,1,4,5,2016
5678,1978,1,1,0,2,1,4,5,2016
5679,1978,2,1,0,2,1,4,5,2016
5682,1982,1,0,0,2,1,4,5,2016
5710,1981,1,1,0,2,1,5,5,2016
5719,1981,2,1,2,2,1,4,5,2016
5723,1985,2,1,1,0,1,4,5,2016
5732,1979,1,0,0,2,1,5,5,2016
5743,1985,2,1,0,-1,-1,4,6,2016
5786,1980,2,1,0,2,1,4,5,2016
5796,1985,1,0,0,2,1,4,5,2016
5895,1983,1,0,0,1,1,5,5,2016
5905,1980,1,0,0,1,1,4,5,2016
5945,1985,2,1,1,2,1,4,5,2016
5948,1988,1,1,0,0,1,4,5,2016
5969,1984,2,1,0,-1,-1,4,6,2016
5978,1985,1,0,1,0,1,4,5,2016
5979,1980,2,1,0,2,2,5,5,2016
5980,1978,2,1,0,0,1,5,5,2016
5999,1987,2,0,0,1,1,4,5,2016
6002,1988,2,1,1,2,2,5,5,2016
6042,1978,2,1,0,2,1,4,5,2016
6069,1978,1,1,1,0,1,4,5,2016
6087,1989,2,1,1,2,1,4,5,2016
6093,1983,1,0,0,0,1,4,5,2016
6104,1981,1,0,0,2,1,4,5,2016
6118,1981,1,0,1,0,1,4,5,2016
6150,1981,2,1,2,0,1,4,5,2016
6155,1984,1,0,0,1,1,4,5,2016
6161,1988,2,1,1,1,1,4,5,2016
6165,1983,1,1,0,0,1,4,5,2016
6168,1986,2,1,0,2,1,4,5,2016
6176,1984,2,1,1,-1,-1,4,6,2016
6227,1986,2,1,0,-1,-1,4,6,2016
6235,1982,1,0,0,2,1,4,5,2016
6248,1983,1,0,0,0,1,4,5,2016
6252,1984,1,1,0,0,1,4,5,2016
6256,1988,2,0,0,-1,-1,4,6,2016
6257,1981,1,0,0,1,1,4,5,2016
6265,1981,2,1,0,-1,-1,4,6,2016
6276,1990,2,1,0,-1,-1,4,6,2016
6279,1980,1,0,0,2,1,4,5,2016
6301,1983,2,1,0,2,1,5,5,2016
6313,1983,2,1,0,-1,-1,4,6,2016
6320,1986,2,1,0,-1,-1,4,6,2016
6342,1979,2,1,0,-1,-1,4,6,2016
6437,1982,1,0,0,0,1,4,5,2016
6463,1985,1,0,0,1,1,4,5,2016
6467,1980,1,0,0,0,1,4,5,2016
6496,1989,1,0,1,2,1,4,5,2016
6536,1981,2,1,0,-1,-1,4,6,2016
6566,1979,1,0,0,0,1,4,5,2016
6574,1978,2,1,1,0,1,4,5,2016
6581,1984,1,0,0,2,1,4,5,2016
6591,1983,2,1,0,-1,-1,5,6,2016
6596,1980,2,1,0,-1,-1,4,6,2016
6609,1985,2,0,0,-1,-1,5,6,2016
6615,1982,2,1,0,0,1,4,5,2016
6619,1982,1,0,0,2,1,4,5,2016
6630,1984,1,1,0,2,1,4,5,2016
6646,1980,1,0,0,2,1,4,5,2016
6654,1979,1,0,0,0,1,4,5,2016
6681,1984,2,1,0,0,1,4,5,2016
6713,1981,1,0,0,0,1,4,5,2016
6731,1983,2,1,0,2,1,5,5,2016
6757,1983,1,1,0,2,1,5,5,2016
6764,1982,1,0,0,1,1,4,5,2016
6773,1982,1,0,0,0,1,4,5,2016
6789,1979,2,1,0,-1,-1,4,6,2016
6793,1982,2,1,0,2,1,4,5,2016
6794,1978,2,1,0,0,1,4,5,2016
6804,1978,1,1,0,1,1,4,5,2016
6827,1978,1,1,0,0,1,4,5,2016
6838,1979,1,0,0,2,1,4,5,2016
6875,1983,1,0,0,0,1,4,5,2016
6877,1979,1,0,0,0,1,4,5,2016
6903,1980,1,1,0,0,1,4,5,2016
6910,1988,1,0,0,2,1,4,5,2016
6954,1980,1,0,1,2,1,4,5,2016
6959,1982,1,0,0,1,1,4,5,2016
7027,1982,2,1,0,-1,-1,4,6,2016
7037,1982,2,1,1,1,1,4,5,2016
7041,1982,1,0,0,1,1,4,5,2016
7042,1983,2,1,0,-1,-1,4,6,2016
7069,1987,2,0,0,2,1,5,5,2016
7074,1985,2,0,0,2,2,4,5,2016
7088,1980,1,1,1,1,1,5,5,2016
7102,1982,1,0,0,1,1,4,5,2016
7117,1983,1,0,0,0,1,4,5,2016
7150,1981,1,0,0,0,1,4,5,2016
7151,1980,1,0,0,2,1,4,5,2016
7155,1985,1,0,0,0,1,4,5,2016
7166,1982,2,1,0,2,1,4,5,2016
7172,1980,1,0,0,1,1,4,5,2016
7183,1980,1,0,0,1,1,5,5,2016
7192,1980,2,1,0,0,1,4,5,2016
7201,1986,2,1,0,-1,-1,4,6,2016
7232,1980,1,0,0,2,1,4,5,2016
7236,1979,2,1,0,2,1,4,5,2016
7257,1985,2,1,1,1,1,4,5,2016
7268,1983,2,1,0,-1,-1,4,6,2016
7273,1983,2,1,0,-1,-1,4,6,2016
7282,1983,1,0,0,0,1,4,5,2016
7284,1980,1,1,1,0,1,4,5,2016
7307,1981,1,0,1,1,2,4,5,2016
7324,1983,1,1,0,0,1,4,5,2016
7332,1978,2,1,0,2,1,4,5,2016
7345,1982,2,1,1,2,1,4,5,2016
7353,1982,1,1,0,0,1,4,5,2016
7354,1979,1,0,0,2,1,4,5,2016
7367,1979,1,0,0,2,1,4,5,2016
7393,1982,1,0,0,0,1,4,5,2016
7417,1983,2,1,0,-1,-1,4,6,2016
7418,1982,2,1,0,-1,-1,4,6,2016
7435,1985,2,1,0,-1,-1,4,6,2016
7436,1981,1,0,0,2,1,4,5,2016
7442,1981,2,1,0,-1,-1,4,6,2016
7449,1981,1,0,0,0,1,4,5,2016
7469,1984,2,1,0,1,1,4,5,2016
7474,1983,1,0,0,1,1,4,5,2016
7488,1980,1,0,0,1,1,4,5,2016
7490,1983,1,1,1,2,2,4,5,2016
7509,1981,2,1,0,-1,-1,4,6,2016
7517,1982,2,1,0,-1,-1,4,6,2016
7518,1983,1,0,0,1,1,4,5,2016
7524,1981,1,1,1,1,1,4,5,2016
7554,1983,2,0,0,-1,-1,4,6,2016
7555,1984,2,1,1,0,1,5,5,2016
7578,1982,1,0,0,0,2,4,5,2016
7579,1979,2,1,0,-1,-1,5,6,2016
7591,1980,2,1,1,-1,-1,4,6,2016
7594,1983,1,1,0,0,1,4,5,2016
7596,1981,1,0,0,0,1,4,5,2016
7627,1984,2,1,0,-1,-1,4,6,2016
7642,1985,1,1,0,0,1,4,5,2016
7643,1987,2,1,0,-1,-1,4,6,2016
7668,1987,2,0,0,-1,-1,4,6,2016
7671,1981,2,1,0,0,2,4,5,2016
7673,1980,1,0,0,0,1,4,5,2016
7677,1981,1,0,0,2,1,4,5,2016
7684,1982,1,0,0,0,1,4,5,2016
7692,1982,1,0,0,2,2,4,5,2016
7701,1982,1,0,0,1,1,5,5,2016
7712,1980,2,1,0,-1,-1,4,6,2016
7717,1982,2,1,0,-1,-1,4,6,2016
7720,1984,2,1,0,-1,-1,4,6,2016
7732,1980,2,1,0,-1,-1,4,6,2016
7733,1978,2,0,0,-1,-1,4,6,2016
7741,1981,2,1,0,-1,-1,4,6,2016
7744,1982,1,1,1,2,1,4,5,2016
7754,1979,2,1,0,-1,-1,4,6,2016
7755,1983,1,0,0,1,1,4,5,2016
7776,1980,2,0,1,-1,-1,4,6,2016
7788,1984,2,1,2,-1,-1,4,6,2016
7790,1980,2,1,0,-1,-1,4,6,2016
7795,1982,2,1,0,-1,-1,4,6,2016
7832,1980,1,0,0,0,1,4,5,2016
7844,1984,2,0,0,-1,-1,4,6,2016
7876,1979,2,1,0,-1,-1,4,6,2016
7878,1983,2,1,0,-1,-1,4,6,2016
7893,1982,1,0,1,1,2,4,5,2016
7939,1981,2,1,0,-1,-1,4,6,2016
7940,1983,2,1,1,-1,-1,4,6,2016
7986,1978,1,0,0,0,1,4,5,2016
7996,1986,2,1,0,2,1,4,5,2016
8000,1983,2,1,0,-1,-1,4,6,2016
8015,1979,2,1,1,0,1,4,5,2016
8038,1979,1,0,0,2,2,5,5,2016
8044,1979,2,1,0,-1,-1,4,6,2016
8048,1980,1,0,0,0,1,4,5,2016
8052,1981,1,0,0,0,1,4,5,2016
8058,1983,2,1,1,-1,-1,4,6,2016
8064,1982,1,0,0,1,1,4,5,2016
8067,1983,1,0,0,0,1,4,5,2016
8075,1985,2,0,2,-1,-1,4,6,2016
8077,1988,2,0,0,-1,-1,4,6,2016
8129,1983,2,1,0,-1,-1,4,6,2016
8149,1983,1,0,1,0,1,4,5,2016
8169,1981,1,0,0,0,1,4,5,2016
8170,1981,1,0,0,1,1,5,5,2016
8176,1981,1,1,0,2,1,4,5,2016
8189,1982,2,0,0,-1,-1,4,6,2016
8191,1978,1,1,1,0,1,4,5,2016
8200,1987,2,1,0,-1,-1,4,6,2016
8214,1981,1,0,0,0,1,4,5,2016
8217,1980,1,0,0,2,1,5,5,2016
8218,1981,2,1,2,0,1,4,5,2016
8269,1982,1,1,1,2,1,4,5,2016
8270,1982,2,1,1,2,1,4,5,2016
8278,1981,1,1,1,0,1,4,5,2016
8311,1982,1,0,0,0,1,4,5,2016
8333,1983,2,1,0,-1,-1,4,6,2016
8352,1982,2,1,0,-1,-1,4,6,2016
8358,1984,1,0,0,0,1,4,5,2016
8362,1985,1,1,0,1,1,4,5,2016
8368,1985,2,1,0,-1,-1,4,6,2016
8370,1984,1,1,0,1,1,4,5,2016
8372,1987,2,1,0,-1,-1,4,6,2016
8390,1985,2,1,0,-1,-1,5,6,2016
8406,1983,1,0,0,2,1,4,5,2016
8418,1985,2,1,1,2,1,4,5,2016
8425,1980,1,0,0,2,1,5,5,2016
8429,1984,2,1,0,-1,-1,4,6,2016
8444,1984,2,1,0,-1,-1,5,6,2016
8450,1982,2,0,0,-1,-1,4,6,2016
8467,1983,2,1,0,-1,-1,4,6,2016
8472,1983,1,0,0,2,1,4,5,2016
8482,1981,1,1,1,0,1,5,5,2016
8496,1985,2,1,0,-1,-1,5,6,2016
8537,1988,1,0,0,0,1,4,5,2016
8538,1982,2,1,0,-1,-1,4,6,2016
8547,1981,1,1,1,0,1,4,5,2016
8562,1983,1,0,0,0,1,5,5,2016
8568,1981,2,1,0,-1,-1,4,6,2016
8572,1979,1,0,0,2,1,4,5,2016
8584,1978,2,2,1,-1,-1,4,6,2016
8600,1982,1,0,0,0,1,4,5,2016
8605,1983,2,1,0,0,1,4,5,2016
8613,1983,2,1,0,0,1,4,5,2016
8637,1985,2,1,2,2,1,4,5,2016
8638,1978,2,1,0,0,1,4,5,2016
8640,1985,1,0,0,0,1,4,5,2016
8641,1980,1,0,0,1,1,4,5,2016
8649,1985,1,1,1,1,1,4,5,2016
8694,1982,1,0,0,0,1,4,5,2016
8702,1986,2,1,1,-1,-1,4,6,2016
8708,1982,2,1,0,-1,-1,4,6,2016
8709,1983,1,0,0,2,1,4,5,2016
8775,1984,2,1,0,-1,-1,5,6,2016
8779,1981,2,1,0,0,1,4,5,2016
8785,1981,1,0,0,0,1,4,5,2016
8786,1981,1,0,0,0,1,4,5,2016
8821,1980,2,1,0,-1,-1,4,6,2016
8823,1983,2,1,0,-1,-1,4,6,2016
8845,1984,1,1,0,-1,-1,4,6,2016
8865,1985,1,0,0,0,1,4,5,2016
8867,1986,2,0,0,-1,-1,4,6,2016
8893,1983,2,1,0,-1,-1,4,6,2016
8894,1986,2,1,1,0,1,4,5,2016
8897,1983,2,1,0,-1,-1,4,6,2016
8900,1984,1,0,0,1,1,4,5,2016
8915,1983,2,1,1,2,1,4,5,2016
8923,1985,2,1,0,2,1,4,5,2016
8924,1980,2,0,0,-1,-1,4,6,2016
8935,1979,1,1,0,0,1,4,5,2016
8945,1981,1,0,0,0,1,5,5,2016
8946,1981,1,0,0,1,1,4,5,2016
8948,1980,1,0,0,0,1,4,5,2016
8973,1982,1,0,0,2,1,4,5,2016
8974,1980,1,0,0,0,1,4,5,2016
8991,1988,1,1,2,2,1,4,5,2016
8999,1982,1,0,0,0,1,4,5,2016
9013,1982,2,1,0,-1,-1,5,6,2016
9038,1981,1,0,0,2,1,4,5,2016
9043,1981,1,0,0,0,1,4,5,2016
9047,1981,2,1,0,2,1,4,5,2016
9053,1981,1,0,0,1,1,4,5,2016
9059,1979,2,1,0,-1,-1,4,6,2016
9067,1978,1,0,0,1,1,4,5,2016
9072,1982,2,1,0,2,1,4,5,2016
9076,1979,1,0,0,2,1,4,5,2016
9089,1978,1,0,0,1,1,4,5,2016
9090,1982,2,1,0,-1,-1,4,6,2016
9094,1979,2,0,1,-1,-1,5,6,2016
9128,1982,2,1,1,2,1,4,5,2016
9147,1981,2,1,0,-1,-1,4,6,2016
9151,1980,1,0,0,0,1,4,5,2016
9155,1982,2,1,0,0,1,4,5,2016
9163,1984,1,0,0,0,1,4,5,2016
9175,1982,1,0,0,2,1,4,5,2016
9193,1979,1,1,0,2,2,5,5,2016
9202,1986,2,1,1,-1,-1,4,6,2016
9220,1981,2,1,0,2,1,4,5,2016
9235,1984,2,1,0,0,1,4,5,2016
9257,1981,1,0,0,2,2,5,5,2016
9283,1984,2,1,0,2,1,4,5,2016
9304,1982,2,1,0,-1,-1,4,6,2016
9309,1983,1,0,0,1,1,5,5,2016
9315,1980,1,0,0,0,1,4,5,2016
9337,1983,2,1,1,1,2,4,5,2016
9351,1981,2,1,0,-1,-1,4,6,2016
9352,1983,1,0,0,0,1,5,5,2016
9353,1983,2,1,0,-1,-1,4,6,2016
9371,1983,1,1,0,2,1,4,5,2016
9416,1983,2,0,0,-1,-1,5,6,2016
9421,1982,2,1,0,2,1,4,5,2016
9440,1985,2,0,1,2,1,4,5,2016
9451,1979,1,1,0,0,1,4,5,2016
9455,1982,2,1,0,0,1,4,5,2016
9470,1983,1,0,0,2,1,4,5,2016
9484,1983,2,1,0,2,1,4,5,2016
9513,1983,1,0,0,0,1,4,5,2016
9555,1981,1,0,0,0,1,4,5,2016
9559,1986,2,1,1,1,1,4,5,2016
9560,1983,1,0,0,2,1,4,5,2016
9573,1980,2,1,2,0,1,4,5,2016
9589,1985,2,1,0,-1,-1,4,6,2016
9593,1985,2,1,0,-1,-1,4,6,2016
9596,1984,2,1,0,0,1,4,5,2016
9599,1981,1,1,1,0,1,5,5,2016
9617,1980,2,1,1,2,1,4,5,2016
9620,1982,1,1,1,0,1,4,5,2016
9625,1983,1,0,0,0,1,4,5,2016
9654,1979,2,0,0,-1,-1,5,6,2016
9680,1982,1,0,0,2,1,4,5,2016
9691,1979,2,1,0,2,1,4,5,2016
9694,1982,1,1,1,0,1,4,5,2016
9696,1986,2,1,0,-1,-1,4,6,2016
9708,1981,2,1,1,2,1,5,5,2016
9709,1983,2,1,2,2,2,5,5,2016
9717,1980,2,1,3,2,1,4,5,2016
9729,1980,2,1,0,-1,-1,4,6,2016
9732,1987,2,1,0,0,1,4,5,2016
9786,1983,1,1,1,1,1,4,5,2016
9794,1980,1,0,0,0,1,4,5,2016
9802,1983,1,0,1,1,1,4,5,2016
9807,1980,1,0,0,0,1,4,5,2016
9817,1985,2,1,0,2,1,4,5,2016
9836,1980,1,0,0,2,1,4,5,2016
9848,1979,2,1,0,-1,-1,4,6,2016
9854,1982,2,1,0,-1,-1,4,6,2016
9874,1983,2,1,0,-1,-1,4,6,2016
9894,1982,1,1,0,0,1,4,5,2016
9934,1980,1,0,0,0,1,4,5,2016
9940,1982,2,0,0,-1,-1,4,6,2016
9950,1984,2,1,0,-1,-1,5,6,2016
10039,1980,1,0,0,0,1,4,5,2016
10053,1980,1,0,0,2,1,4,5,2016
10063,1983,2,1,1,0,1,5,5,2016
10098,1981,1,0,0,1,1,4,5,2016
10099,1984,2,1,0,0,1,4,5,2016
10100,1980,1,0,0,0,1,4,5,2016
10101,1983,2,1,0,2,2,5,5,2016
10110,1982,1,0,0,1,1,5,5,2016
10117,1983,1,1,1,2,1,4,5,2016
10141,1983,1,1,1,1,1,4,5,2016
10160,1981,2,0,0,-1,-1,4,6,2016
10161,1983,1,0,0,0,1,4,5,2016
10183,1986,2,0,0,2,1,4,5,2016
10195,1982,1,0,0,2,1,4,5,2016
9,1980,2,1,0,2,1,4,5,2017
45,1981,2,1,0,-1,-1,4,6,2017
68,1979,2,1,0,-1,-1,4,6,2017
69,1983,1,0,0,2,1,4,5,2017
84,1980,1,1,0,0,1,4,5,2017
95,1990,2,1,1,2,1,4,5,2017
108,1985,2,1,1,0,1,4,5,2017
213,1983,2,1,2,1,1,5,5,2017
255,1984,1,1,1,0,1,4,5,2017
257,1981,1,0,0,2,1,4,5,2017
277,1986,2,1,1,2,2,4,5,2017
287,1983,2,1,2,0,1,4,5,2017
290,1984,2,1,1,0,1,4,5,2017
362,1982,1,0,0,0,1,4,5,2017
405,1981,1,0,0,2,1,4,5,2017
416,1980,2,1,1,2,1,5,5,2017
458,1984,1,0,0,1,1,4,5,2017
497,1986,2,1,0,2,1,5,5,2017
503,1982,1,0,0,1,1,5,5,2017
545,1987,2,1,1,2,1,4,5,2017
604,1983,2,1,0,-1,-1,4,6,2017
609,1979,1,0,0,2,1,4,5,2017
623,1987,2,1,0,1,1,4,5,2017
628,1986,2,1,0,0,1,4,5,2017
629,1983,2,1,0,-1,-1,4,6,2017
658,1981,1,0,0,1,1,4,5,2017
688,1980,1,0,0,0,1,4,5,2017
690,1985,2,1,0,-1,-1,4,6,2017
703,1981,2,1,0,-1,-1,4,6,2017
769,1980,2,1,1,2,1,4,5,2017
770,1983,2,1,2,0,1,4,5,2017
771,1980,2,1,0,-1,-1,4,6,2017
772,1985,2,1,0,-1,-1,4,6,2017
778,1981,1,0,0,0,1,4,5,2017
883,1981,2,1,1,0,1,4,5,2017
885,1981,2,1,1,0,1,5,5,2017
894,1984,2,1,1,-1,-1,4,6,2017
895,1980,1,0,0,1,1,4,5,2017
914,1982,1,1,0,2,1,4,5,2017
923,1984,1,0,0,0,1,4,5,2017
952,1981,2,1,0,0,1,4,5,2017
975,1983,2,1,0,0,1,4,5,2017
982,1978,2,1,0,-1,-1,4,6,2017
995,1980,1,0,0,2,1,4,5,2017
1059,1983,2,0,0,-1,-1,4,6,2017
1106,1983,2,1,0,2,2,4,5,2017
1109,1985,2,1,0,2,2,4,5,2017
1148,1987,2,1,0,-1,-1,4,6,2017
1166,1980,1,1,1,2,2,5,5,2017
1188,1981,1,0,0,0,1,4,5,2017
1189,1980,1,0,0,0,1,4,5,2017
1215,1986,2,1,0,2,1,5,5,2017
1245,1983,1,1,0,0,1,4,5,2017
1314,1978,1,1,1,1,1,4,5,2017
1315,1980,1,1,0,1,1,5,5,2017
1317,1983,1,1,0,0,1,4,5,2017
1326,1980,2,1,0,0,1,4,5,2017
1330,1978,1,1,0,2,1,4,5,2017
1360,1985,2,1,2,0,1,4,5,2017
1380,1982,1,0,0,1,1,4,5,2017
1427,1983,2,1,0,-1,-1,5,6,2017
1429,1979,2,1,0,-1,-1,4,6,2017
1432,1985,1,0,0,2,2,4,5,2017
1440,1983,2,1,0,0,1,4,5,2017
1499,1989,2,1,0,-1,-1,4,6,2017
1554,1984,1,0,0,2,1,4,5,2017
1555,1982,1,0,0,1,1,4,5,2017
1577,1983,1,0,0,2,1,5,5,2017
1578,1985,2,1,0,2,2,4,5,2017
1579,1982,2,1,0,-1,-1,4,6,2017
1581,1985,2,0,0,-1,-1,5,6,2017
1672,1981,2,1,0,2,1,5,5,2017
1673,1979,1,1,0,1,1,4,5,2017
1690,1983,1,0,0,2,1,4,5,2017
1722,1981,1,0,0,0,1,4,5,2017
1727,1985,1,0,0,0,1,4,5,2017
1739,1980,2,1,0,2,1,4,5,2017
1770,1984,2,1,1,2,1,4,5,2017
1786,1982,2,1,0,-1,-1,4,6,2017
1787,1978,1,0,0,2,1,4,5,2017
1829,1986,2,1,1,0,1,4,5,2017
1896,1978,2,1,0,-1,-1,5,6,2017
1900,1979,2,1,0,0,1,4,5,2017
1901,1980,2,1,0,-1,-1,4,6,2017
1918,1981,2,1,0,2,2,4,5,2017
1921,1979,2,1,0,-1,-1,4,6,2017
1946,1980,1,0,0,2,1,4,5,2017
1950,1981,2,1,0,0,1,4,5,2017
1961,1985,2,1,0,-1,-1,4,6,2017
1970,1984,1,0,0,0,1,4,5,2017
1986,1985,2,1,2,0,1,4,5,2017
1988,1983,1,0,0,0,1,4,5,2017
2016,1982,2,1,0,-1,-1,4,6,2017
2059,1984,2,1,1,2,1,4,5,2017
2108,1981,1,0,0,0,1,4,5,2017
2109,1983,1,0,0,0,1,4,5,2017
2132,1987,2,0,0,-1,-1,4,6,2017
2192,1980,1,0,0,0,1,4,5,2017
2195,1985,2,1,0,-1,-1,4,6,2017
2228,1985,2,1,2,-1,-1,4,6,2017
2232,1981,2,1,0,-1,-1,5,6,2017
2263,1987,2,1,0,-1,-1,4,6,2017
2266,1980,1,0,0,1,1,5,5,2017
2304,1982,1,0,0,1,1,4,5,2017
2347,1985,1,1,1,0,1,4,5,2017
2351,1982,1,1,1,2,1,4,5,2017
2373,1983,1,0,0,2,1,4,5,2017
2410,1981,2,1,0,-1,-1,4,6,2017
2466,1987,2,1,0,2,1,4,5,2017
2476,1981,1,1,1,1,1,4,5,2017
2511,1979,1,0,0,2,1,4,5,2017
2525,1986,2,1,0,-1,-1,4,6,2017
2571,1982,2,1,0,0,1,4,5,2017
2584,1981,1,0,0,1,1,5,5,2017
2585,1978,2,0,0,-1,-1,4,6,2017
2598,1985,2,1,0,-1,-1,4,6,2017
2624,1983,2,1,0,2,2,4,5,2017
2632,1980,1,0,0,2,1,4,5,2017
2649,1980,1,0,0,1,1,4,5,2017
2653,1986,2,1,2,0,1,4,5,2017
2683,1978,1,0,0,0,1,4,5,2017
2694,1984,1,0,0,2,1,4,5,2017
2703,1983,2,1,0,-1,-1,4,6,2017
2709,1983,2,1,0,2,1,4,5,2017
2744,1985,2,0,0,-1,-1,4,6,2017
2745,1981,1,1,0,1,1,5,5,2017
2803,1981,2,1,1,2,1,4,5,2017
2850,1978,2,0,0,-1,-1,4,6,2017
2856,1979,2,1,0,-1,-1,4,6,2017
2887,1982,2,1,0,2,1,4,5,2017
2892,1979,2,1,0,2,1,5,5,2017
2894,1979,1,1,2,2,1,5,5,2017
2904,1986,2,1,0,-1,-1,4,6,2017
2943,1981,1,0,0,1,1,4,5,2017
2947,1982,1,0,0,2,1,4,5,2017
2948,1981,1,0,0,1,1,4,5,2017
2958,1982,2,1,0,-1,-1,4,6,2017
2965,1985,2,1,0,-1,-1,4,6,2017
2986,1983,1,0,0,0,1,4,5,2017
2990,1982,2,1,0,-1,-1,4,6,2017
2998,1983,1,0,0,2,1,4,5,2017
2999,1985,2,0,0,-1,-1,4,6,2017
3018,1981,2,1,0,-1,-1,4,6,2017
3026,1984,2,1,0,-1,-1,4,6,2017
3028,1979,1,0,0,1,1,4,5,2017
3101,1985,2,1,0,-1,-1,5,6,2017
3104,1985,2,1,0,2,2,4,5,2017
3108,1980,2,1,0,0,1,4,5,2017
3120,1982,2,1,0,-1,-1,4,6,2017
3129,1982,2,1,0,0,1,5,5,2017
3160,1980,2,1,0,-1,-1,4,6,2017
3161,1983,2,1,1,2,1,4,5,2017
3164,1980,1,0,0,2,1,4,5,2017
3166,1981,2,1,1,0,1,4,5,2017
3175,1981,2,0,1,2,2,4,5,2017
3258,1980,2,1,1,0,1,4,5,2017
3314,1986,2,1,0,-1,-1,4,6,2017
3319,1984,2,1,1,0,1,4,5,2017
3341,1983,2,1,0,-1,-1,4,6,2017
3345,1984,1,1,0,0,1,4,5,2017
3361,1984,2,1,0,-1,-1,4,6,2017
3383,1979,2,1,0,-1,-1,4,6,2017
3395,1990,1,0,0,2,1,4,5,2017
3478,1984,2,2,1,2,1,4,5,2017
3493,1989,2,0,0,-1,-1,4,6,2017
3502,1982,2,1,1,0,1,4,5,2017
3511,1982,1,0,0,1,1,5,5,2017
3584,1979,2,1,0,0,1,4,5,2017
3657,1988,2,1,0,-1,-1,4,6,2017
3661,1978,1,0,0,2,1,4,5,2017
3734,1982,2,1,0,-1,-1,4,6,2017
3736,1988,2,1,1,-1,-1,4,6,2017
3737,1991,2,1,1,2,1,4,5,2017
3750,1981,1,0,0,2,1,4,5,2017
3781,1982,1,1,2,0,1,4,5,2017
3790,1979,2,0,0,-1,-1,4,6,2017
3799,1985,2,1,0,-1,-1,4,6,2017
3823,1979,1,0,0,0,1,4,5,2017
3869,1983,1,1,1,2,1,4,5,2017
3890,1985,2,1,1,0,1,4,5,2017
3913,1983,1,0,0,1,1,5,5,2017
3935,1983,2,1,0,-1,-1,4,6,2017
3938,1980,2,1,0,-1,-1,5,6,2017
3965,1981,1,0,0,0,1,4,5,2017
3971,1982,2,1,0,2,2,4,5,2017
3985,1979,2,1,1,0,1,5,5,2017
4032,1982,1,1,2,0,1,4,5,2017
4041,1982,1,0,0,1,1,4,5,2017
4045,1983,2,1,0,-1,-1,4,6,2017
4046,1981,1,0,0,0,1,4,5,2017
4061,1987,2,1,0,-1,-1,4,6,2017
4071,1983,1,0,0,2,1,4,5,2017
4184,1982,1,0,0,2,2,4,5,2017
4210,1980,1,0,0,2,1,4,5,2017
4215,1983,2,1,0,-1,-1,5,6,2017
4220,1978,2,1,0,-1,-1,4,6,2017
4226,1985,1,0,0,1,1,4,5,2017
4253,1982,2,1,0,-1,-1,5,6,2017
4292,1979,1,1,2,2,1,5,5,2017
4333,1984,1,0,0,1,1,4,5,2017
4382,1984,2,1,0,-1,-1,4,6,2017
4392,1981,1,0,0,1,1,4,5,2017
4421,1981,2,1,0,-1,-1,4,6,2017
4455,1981,1,0,0,0,1,4,5,2017
4457,1987,2,1,0,-1,-1,5,6,2017
4464,1981,2,1,0,-1,-1,4,6,2017
4465,1984,1,0,0,0,2,4,5,2017
4478,1982,2,1,0,-1,-1,4,6,2017
4492,1981,1,0,2,2,1,4,5,2017
4496,1982,1,0,0,0,1,4,5,2017
4506,1979,1,0,0,0,1,4,5,2017
4524,1980,1,1,1,1,1,4,5,2017
4606,1983,2,1,0,0,1,4,5,2017
4643,1983,2,1,0,0,1,4,5,2017
4760,1983,1,1,0,2,1,4,5,2017
4799,1987,2,1,0,-1,-1,4,6,2017
4879,1982,1,0,0,0,1,4,5,2017
4909,1980,2,1,0,0,1,4,5,2017
4911,1985,2,1,2,2,2,5,5,2017
4959,1982,2,1,0,-1,-1,4,6,2017
5034,1982,2,1,0,-1,-1,4,6,2017
5112,1978,2,1,0,-1,-1,4,6,2017
5113,1978,1,1,0,1,1,5,5,2017
5120,1980,1,0,0,0,1,4,5,2017
5126,1981,1,0,0,0,1,4,5,2017
5128,1983,2,1,0,0,1,4,5,2017
5138,1982,2,1,1,2,1,5,5,2017
5140,1978,2,1,0,2,2,5,5,2017
5150,1984,2,1,2,2,1,4,5,2017
5180,1988,2,1,0,-1,-1,4,6,2017
5181,1979,1,0,0,0,1,4,5,2017
5214,1978,1,1,1,0,1,4,5,2017
5227,1979,1,0,0,2,1,4,5,2017
5230,1983,2,1,0,-1,-1,4,6,2017
5266,1980,1,0,0,2,1,4,5,2017
5312,1983,1,0,0,1,1,4,5,2017
5367,1984,2,1,1,2,1,4,5,2017
5410,1985,1,1,0,0,1,4,5,2017
5438,1985,2,0,0,-1,-1,4,6,2017
5454,1982,2,1,0,-1,-1,4,6,2017
5455,1981,1,0,0,0,1,4,5,2017
5477,1980,2,1,0,-1,-1,4,6,2017
5478,1983,2,1,0,-1,-1,4,6,2017
5531,1986,2,1,0,-1,-1,4,6,2017
5540,1983,1,0,1,2,1,4,5,2017
5551,1990,2,1,0,-1,-1,4,6,2017
5573,1980,1,0,0,0,1,4,5,2017
5619,1982,1,0,0,0,1,4,5,2017
5678,1978,1,1,1,2,1,4,5,2017
5679,1978,2,1,1,2,1,4,5,2017
5682,1982,1,0,0,2,1,4,5,2017
5719,1981,2,1,2,2,1,4,5,2017
5723,1985,2,1,0,0,1,4,5,2017
5732,1979,1,0,0,2,1,5,5,2017
5743,1985,2,0,0,-1,-1,4,6,2017
5786,1980,2,1,0,2,1,4,5,2017
5895,1983,1,0,0,1,1,5,5,2017
5905,1980,1,0,0,1,1,4,5,2017
5945,1985,2,1,0,-1,-1,4,6,2017
5948,1988,1,1,0,0,1,4,5,2017
5969,1984,2,1,0,-1,-1,4,6,2017
5978,1985,1,0,0,0,1,4,5,2017
5979,1980,2,1,0,2,1,5,5,2017
5980,1978,2,1,1,0,1,5,5,2017
5999,1987,2,1,0,1,1,4,5,2017
6002,1988,2,1,1,2,2,5,5,2017
6069,1978,1,1,0,0,1,4,5,2017
6087,1989,2,1,1,2,1,4,5,2017
6093,1983,1,0,0,0,1,4,5,2017
6104,1981,1,1,0,2,1,4,5,2017
6118,1981,1,0,1,0,1,4,5,2017
6150,1981,2,1,2,-1,-1,4,6,2017
6161,1988,2,1,0,1,1,4,5,2017
6165,1983,1,1,1,0,1,4,5,2017
6176,1984,2,1,0,-1,-1,4,6,2017
6227,1986,2,1,0,-1,-1,4,6,2017
6235,1982,1,1,0,2,1,4,5,2017
6248,1983,1,1,0,0,1,4,5,2017
6256,1988,2,1,0,-1,-1,4,6,2017
6257,1981,1,0,0,1,1,4,5,2017
6265,1981,2,1,0,2,2,4,5,2017
6276,1990,2,1,1,1,1,4,5,2017
6279,1980,1,0,0,2,1,4,5,2017
6301,1983,2,1,0,-1,-1,5,6,2017
6313,1983,2,1,0,-1,-1,4,6,2017
6320,1986,2,1,0,0,1,4,5,2017
6342,1979,2,1,0,-1,-1,4,6,2017
6463,1985,1,0,0,1,1,4,5,2017
6467,1980,1,0,0,0,1,4,5,2017
6496,1989,1,0,2,2,1,4,5,2017
6536,1981,2,1,0,-1,-1,4,6,2017
6581,1984,1,0,0,2,1,4,5,2017
6591,1983,2,1,0,-1,-1,5,6,2017
6596,1980,2,1,0,-1,-1,4,6,2017
6609,1985,2,1,0,-1,-1,5,6,2017
6615,1982,2,1,0,0,1,4,5,2017
6619,1982,1,0,0,2,1,4,5,2017
6646,1980,1,0,0,2,1,4,5,2017
6681,1984,2,1,0,0,1,4,5,2017
6731,1983,2,1,0,2,1,5,5,2017
6757,1983,1,0,0,2,1,5,5,2017
6764,1982,1,1,0,1,1,4,5,2017
6773,1982,1,0,0,0,1,4,5,2017
6789,1979,2,1,0,0,2,4,5,2017
6793,1982,2,1,0,2,1,4,5,2017
6827,1978,1,1,0,0,1,4,5,2017
6838,1979,1,1,0,1,1,4,5,2017
6877,1979,1,0,0,0,1,4,5,2017
6910,1988,1,0,0,2,1,4,5,2017
6954,1980,1,0,0,2,1,4,5,2017
7027,1982,2,0,0,-1,-1,4,6,2017
7037,1982,2,1,1,1,1,4,5,2017
7041,1982,1,1,2,1,1,4,5,2017
7069,1987,2,1,1,2,1,5,5,2017
7074,1985,2,1,0,2,1,4,5,2017
7088,1980,1,1,2,1,1,5,5,2017
7102,1982,1,0,0,1,1,4,5,2017
7117,1983,1,0,0,0,1,4,5,2017
7150,1981,1,0,0,0,1,4,5,2017
7151,1980,1,0,0,2,1,4,5,2017
7155,1985,1,1,0,0,1,4,5,2017
7166,1982,2,1,0,2,2,4,5,2017
7172,1980,1,0,0,1,1,4,5,2017
7183,1980,1,0,0,1,1,5,5,2017
7201,1986,2,0,0,-1,-1,4,6,2017
7232,1980,1,0,0,2,1,4,5,2017
7236,1979,2,1,0,0,1,4,5,2017
7257,1985,2,1,0,1,1,4,5,2017
7268,1983,2,1,0,-1,-1,4,6,2017
7273,1983,2,0,0,-1,-1,4,6,2017
7282,1983,1,0,0,0,1,4,5,2017
7284,1980,1,1,1,0,1,4,5,2017
7307,1981,1,0,0,1,1,4,5,2017
7324,1983,1,1,0,0,1,4,5,2017
7332,1978,2,1,1,2,1,4,5,2017
7345,1982,2,1,0,2,2,4,5,2017
7353,1982,1,0,0,0,1,4,5,2017
7354,1979,1,0,0,2,1,4,5,2017
7367,1979,1,0,0,2,1,4,5,2017
7393,1982,1,0,0,0,1,4,5,2017
7417,1983,2,1,0,-1,-1,4,6,2017
7418,1982,2,1,2,-1,-1,4,4,2017
7436,1981,1,1,0,2,1,4,5,2017
7442,1981,2,1,0,-1,-1,4,6,2017
7449,1981,1,0,0,0,1,4,5,2017
7469,1984,2,1,1,1,1,4,5,2017
7474,1983,1,0,0,1,1,4,5,2017
7488,1980,1,0,0,1,1,4,5,2017
7490,1983,1,1,1,2,2,4,5,2017
7509,1981,2,1,0,-1,-1,4,6,2017
7517,1982,2,1,0,-1,-1,4,6,2017
7518,1983,1,0,0,1,1,4,5,2017
7554,1983,2,1,0,-1,-1,4,6,2017
7555,1984,2,1,0,0,1,5,5,2017
7578,1982,1,0,0,2,1,4,5,2017
7579,1979,2,1,0,-1,-1,5,6,2017
7591,1980,2,1,1,-1,-1,4,6,2017
7594,1983,1,1,0,0,1,4,5,2017
7596,1981,1,0,1,0,1,4,5,2017
7627,1984,2,1,0,-1,-1,4,6,2017
7642,1985,1,1,1,0,1,4,5,2017
7643,1987,2,1,0,-1,-1,4,6,2017
7671,1981,2,0,0,0,1,4,5,2017
7684,1982,1,0,0,0,1,4,5,2017
7701,1982,1,0,0,1,1,5,5,2017
7717,1982,2,0,0,-1,-1,4,6,2017
7720,1984,2,1,0,-1,-1,4,6,2017
7733,1978,2,0,0,-1,-1,4,6,2017
7741,1981,2,0,0,-1,-1,4,6,2017
7744,1982,1,1,0,2,1,4,5,2017
7754,1979,2,1,0,-1,-1,4,6,2017
7755,1983,1,0,0,1,1,4,5,2017
7788,1984,2,0,2,-1,-1,4,6,2017
7790,1980,2,1,0,-1,-1,4,6,2017
7832,1980,1,0,0,0,1,4,5,2017
7844,1984,2,1,0,-1,-1,4,6,2017
7876,1979,2,1,0,-1,-1,4,6,2017
7878,1983,2,1,0,-1,-1,4,6,2017
7885,1983,2,1,0,-1,-1,4,6,2017
7893,1982,1,0,2,1,2,4,5,2017
7939,1981,2,1,0,-1,-1,4,6,2017
7986,1978,1,0,0,0,1,4,5,2017
7996,1986,2,1,0,2,1,4,5,2017
8000,1983,2,1,0,-1,-1,4,6,2017
8015,1979,2,1,1,0,1,4,5,2017
8038,1979,1,0,0,2,1,5,5,2017
8044,1979,2,1,0,-1,-1,4,6,2017
8048,1980,1,0,0,0,1,4,5,2017
8052,1981,1,0,0,0,1,4,5,2017
8058,1983,2,1,1,-1,-1,4,6,2017
8064,1982,1,0,0,1,1,4,5,2017
8067,1983,1,0,0,0,1,4,5,2017
8075,1985,2,0,0,-1,-1,4,6,2017
8077,1988,2,0,0,-1,-1,4,6,2017
8129,1983,2,1,1,0,1,4,5,2017
8149,1983,1,1,1,0,1,4,5,2017
8169,1981,1,0,0,0,1,4,5,2017
8176,1981,1,1,0,2,1,4,5,2017
8200,1987,2,1,0,-1,-1,4,6,2017
8214,1981,1,0,0,0,1,4,5,2017
8217,1980,1,0,0,2,1,5,5,2017
8218,1981,2,1,1,0,1,4,5,2017
8270,1982,2,1,1,2,1,4,5,2017
8278,1981,1,1,0,2,2,4,5,2017
8333,1983,2,1,0,-1,-1,4,6,2017
8352,1982,2,1,0,-1,-1,4,6,2017
8358,1984,1,0,0,0,1,4,5,2017
8362,1985,1,1,1,1,1,4,5,2017
8368,1985,2,1,0,-1,-1,4,6,2017
8370,1984,1,1,0,1,1,4,5,2017
8372,1987,2,1,0,2,1,4,5,2017
8390,1985,2,1,0,-1,-1,5,6,2017
8406,1983,1,0,0,2,1,4,5,2017
8418,1985,2,1,1,2,1,4,5,2017
8425,1980,1,1,1,2,1,5,5,2017
8444,1984,2,1,0,-1,-1,5,6,2017
8450,1982,2,1,0,-1,-1,4,6,2017
8467,1983,2,1,0,-1,-1,4,6,2017
8472,1983,1,1,0,2,1,4,5,2017
8482,1981,1,1,1,0,1,5,5,2017
8496,1985,2,1,0,-1,-1,5,6,2017
8537,1988,1,0,0,0,1,4,5,2017
8538,1982,2,1,0,2,2,4,5,2017
8562,1983,1,0,0,0,1,5,5,2017
8568,1981,2,1,0,0,1,4,5,2017
8572,1979,1,0,0,2,2,4,5,2017
8605,1983,2,1,0,0,1,4,5,2017
8637,1985,2,1,1,-1,-1,4,6,2017
8638,1978,2,1,0,0,1,4,5,2017
8640,1985,1,0,0,0,1,4,5,2017
8641,1980,1,0,0,1,1,4,5,2017
8649,1985,1,1,0,1,1,4,5,2017
8690,1987,2,1,0,-1,-1,4,6,2017
8694,1982,1,0,0,0,1,4,5,2017
8702,1986,2,1,1,0,1,4,5,2017
8708,1982,2,1,0,-1,-1,4,6,2017
8775,1984,2,1,0,-1,-1,5,6,2017
8779,1981,2,1,0,0,1,4,5,2017
8785,1981,1,0,0,0,1,4,5,2017
8821,1980,2,1,0,-1,-1,4,6,2017
8865,1985,1,0,0,0,1,4,5,2017
8867,1986,2,1,0,-1,-1,4,6,2017
8893,1983,2,1,0,-1,-1,4,6,2017
8894,1986,2,1,1,0,1,4,5,2017
8897,1983,2,1,0,-1,-1,4,6,2017
8915,1983,2,1,0,2,1,4,5,2017
8923,1985,2,1,0,2,1,4,5,2017
8924,1980,2,0,1,-1,-1,4,6,2017
8935,1979,1,1,0,0,1,4,5,2017
8946,1981,1,0,0,1,1,4,5,2017
8948,1980,1,1,0,0,1,4,5,2017
8973,1982,1,0,0,2,1,4,5,2017
8974,1980,1,0,0,0,1,4,5,2017
8991,1988,1,1,0,2,1,4,5,2017
8999,1982,1,0,0,0,1,4,5,2017
9013,1982,2,1,0,-1,-1,5,6,2017
9043,1981,1,0,0,0,1,4,5,2017
9053,1981,1,0,0,1,1,4,5,2017
9059,1979,2,1,0,2,2,4,5,2017
9067,1978,1,0,0,1,1,4,5,2017
9072,1982,2,1,0,2,1,4,5,2017
9076,1979,1,0,0,0,1,4,5,2017
9089,1978,1,0,0,1,1,4,5,2017
9090,1982,2,1,0,-1,-1,4,6,2017
9094,1979,2,0,0,-1,-1,5,6,2017
9128,1982,2,1,1,2,1,4,5,2017
9147,1981,2,1,0,-1,-1,4,6,2017
9151,1980,1,0,0,0,1,4,5,2017
9163,1984,1,0,0,0,1,4,5,2017
9175,1982,1,1,0,2,1,4,5,2017
9202,1986,2,1,2,-1,-1,4,6,2017
9257,1981,1,0,0,2,2,5,5,2017
9283,1984,2,1,0,2,1,4,5,2017
9309,1983,1,0,0,1,1,5,5,2017
9315,1980,1,0,0,0,1,4,5,2017
9337,1983,2,1,0,1,2,4,5,2017
9351,1981,2,1,0,-1,-1,4,6,2017
9353,1983,2,1,0,-1,-1,4,6,2017
9371,1983,1,1,0,2,1,4,5,2017
9416,1983,2,1,0,-1,-1,5,6,2017
9421,1982,2,1,0,2,1,4,5,2017
9440,1985,2,0,1,2,1,4,5,2017
9455,1982,2,1,0,0,1,4,5,2017
9470,1983,1,0,0,2,1,4,5,2017
9484,1983,2,1,0,2,1,4,5,2017
9513,1983,1,1,0,0,1,4,5,2017
9560,1983,1,1,1,2,1,4,5,2017
9573,1980,2,1,2,0,1,4,5,2017
9589,1985,2,1,0,-1,-1,4,6,2017
9593,1985,2,1,1,-1,-1,4,6,2017
9596,1984,2,1,0,0,1,4,5,2017
9599,1981,1,1,1,0,1,5,5,2017
9620,1982,1,1,1,0,1,4,5,2017
9625,1983,1,0,0,0,1,4,5,2017
9680,1982,1,0,0,2,1,4,5,2017
9694,1982,1,0,1,0,1,4,5,2017
9708,1981,2,1,1,2,1,5,5,2017
9709,1983,2,1,0,2,1,5,5,2017
9717,1980,2,1,2,2,1,4,5,2017
9729,1980,2,1,0,-1,-1,4,6,2017
9732,1987,2,1,2,0,1,4,5,2017
9786,1983,1,1,1,1,1,4,5,2017
9794,1980,1,0,0,0,1,4,5,2017
9802,1983,1,0,1,1,1,4,5,2017
9807,1980,1,0,0,0,1,4,5,2017
9836,1980,1,0,0,2,1,4,5,2017
9837,1982,2,1,1,0,1,4,5,2017
9848,1979,2,0,1,-1,-1,4,6,2017
9854,1982,2,0,0,-1,-1,4,6,2017
9874,1983,2,1,0,-1,-1,4,6,2017
9894,1982,1,0,0,0,1,4,5,2017
9940,1982,2,0,0,-1,-1,4,6,2017
9950,1984,2,1,0,-1,-1,5,6,2017
10039,1980,1,1,1,0,1,4,5,2017
10053,1980,1,0,0,2,1,4,5,2017
10098,1981,1,0,0,1,1,4,5,2017
10099,1984,2,1,0,0,1,4,5,2017
10110,1982,1,0,0,1,1,5,5,2017
10117,1983,1,1,1,2,1,4,5,2017
10141,1983,1,1,1,1,1,4,5,2017
10160,1981,2,1,2,2,1,4,5,2017
10161,1983,1,0,0,0,1,4,5,2017
10195,1982,1,0,0,2,1,4,5,2017
45,1981,2,1,0,-1,-1,4,6,2018
69,1983,1,1,0,2,1,4,5,2018
84,1980,1,1,0,0,1,4,5,2018
95,1990,2,1,1,2,1,4,5,2018
108,1985,2,1,1,1,1,4,5,2018
213,1983,2,1,2,1,1,5,5,2018
255,1984,1,1,0,0,1,4,5,2018
257,1981,1,1,0,2,1,4,5,2018
277,1986,2,1,1,-1,-1,4,6,2018
287,1983,2,1,1,0,1,4,5,2018
290,1984,2,1,0,0,1,4,5,2018
362,1982,1,0,0,0,1,4,5,2018
405,1981,1,0,0,2,1,4,5,2018
416,1980,2,1,0,2,1,5,5,2018
458,1984,1,0,0,1,1,4,5,2018
503,1982,1,0,0,1,1,5,5,2018
545,1987,2,1,1,2,1,4,5,2018
604,1983,2,1,0,-1,-1,4,6,2018
609,1979,1,0,0,2,1,4,5,2018
623,1987,2,1,0,1,1,4,5,2018
628,1986,2,1,0,0,1,4,5,2018
629,1983,2,1,0,-1,-1,4,6,2018
690,1985,2,1,0,-1,-1,4,6,2018
703,1981,2,1,0,-1,-1,4,6,2018
770,1983,2,1,2,0,1,4,5,2018
771,1980,2,1,0,-1,-1,4,6,2018
772,1985,2,1,0,-1,-1,4,6,2018
778,1981,1,0,0,0,1,4,5,2018
846,1984,1,0,0,2,1,5,5,2018
855,1979,2,1,0,2,1,5,5,2018
883,1981,2,1,0,-1,-1,4,6,2018
894,1984,2,1,0,2,2,4,5,2018
895,1980,1,0,0,1,1,4,5,2018
923,1984,1,0,0,0,1,4,5,2018
975,1983,2,1,0,0,1,4,5,2018
995,1980,1,0,0,2,1,4,5,2018
1059,1983,2,1,0,-1,-1,4,6,2018
1106,1983,2,1,0,2,1,4,5,2018
1148,1987,2,1,0,-1,-1,4,6,2018
1166,1980,1,1,0,2,2,5,5,2018
1188,1981,1,0,0,0,1,4,5,2018
1189,1980,1,0,0,0,1,4,5,2018
1215,1986,2,1,0,2,1,5,5,2018
1245,1983,1,0,0,0,1,4,5,2018
1314,1978,1,1,0,1,1,4,5,2018
1315,1980,1,1,0,1,1,5,5,2018
1317,1983,1,1,0,0,1,4,5,2018
1326,1980,2,1,0,0,1,4,5,2018
1330,1978,1,1,0,2,1,4,5,2018
1360,1985,2,1,2,0,1,4,5,2018
1380,1982,1,0,0,1,1,4,5,2018
1427,1983,2,1,0,-1,-1,5,6,2018
1429,1979,2,1,0,-1,-1,4,6,2018
1432,1985,1,0,0,2,1,4,5,2018
1440,1983,2,1,0,0,1,4,5,2018
1499,1989,2,1,0,-1,-1,4,6,2018
1554,1984,1,0,0,2,1,4,5,2018
1555,1982,1,0,0,1,1,4,5,2018
1577,1983,1,0,0,2,1,5,5,2018
1578,1985,2,1,0,-1,-1,4,6,2018
1579,1982,2,1,0,-1,-1,4,6,2018
1581,1985,2,1,0,-1,-1,5,6,2018
1632,1986,2,1,0,2,1,4,5,2018
1672,1981,2,1,0,2,1,5,5,2018
1673,1979,1,1,0,1,1,4,5,2018
1690,1983,1,0,0,2,1,4,5,2018
1722,1981,1,1,1,0,1,4,5,2018
1727,1985,1,0,0,0,1,4,5,2018
1739,1980,2,1,0,2,1,4,5,2018
1754,1982,2,1,0,2,1,4,5,2018
1770,1984,2,1,1,2,1,4,5,2018
1781,1982,2,1,0,0,1,4,5,2018
1786,1982,2,1,0,-1,-1,4,6,2018
1829,1986,2,1,0,-1,-1,4,6,2018
1896,1978,2,1,0,2,1,5,5,2018
1900,1979,2,1,0,0,1,4,5,2018
1901,1980,2,1,0,-1,-1,4,6,2018
1918,1981,2,1,0,2,2,4,5,2018
1921,1979,2,1,0,-1,-1,4,6,2018
1946,1980,1,1,0,2,1,4,5,2018
1950,1981,2,1,0,0,1,4,5,2018
1970,1984,1,0,0,0,1,4,5,2018
1986,1985,2,1,2,0,1,4,5,2018
1988,1983,1,0,0,0,1,4,5,2018
2016,1982,2,1,0,2,1,4,5,2018
2043,1985,2,1,0,-1,-1,4,6,2018
2059,1984,2,1,0,2,1,4,5,2018
2108,1981,1,0,0,0,1,4,5,2018
2109,1983,1,0,0,0,1,4,5,2018
2132,1987,2,1,0,-1,-1,4,6,2018
2192,1980,1,0,0,0,1,4,5,2018
2195,1985,2,1,0,-1,-1,4,6,2018
2228,1985,2,1,0,-1,-1,4,6,2018
2232,1981,2,1,0,-1,-1,5,6,2018
2255,1983,1,0,0,0,1,4,5,2018
2266,1980,1,0,0,1,1,5,5,2018
2304,1982,1,0,0,1,1,4,5,2018
2351,1982,1,1,1,2,1,4,5,2018
2373,1983,1,0,0,2,1,4,5,2018
2410,1981,2,0,0,-1,-1,4,6,2018
2466,1987,2,1,0,2,1,4,5,2018
2476,1981,1,0,0,1,1,4,5,2018
2511,1979,1,0,0,2,1,4,5,2018
2571,1982,2,1,0,0,1,4,5,2018
2584,1981,1,0,0,1,1,5,5,2018
2585,1978,2,0,0,-1,-1,4,6,2018
2598,1985,2,1,0,0,2,4,5,2018
2653,1986,2,1,2,0,1,4,5,2018
2683,1978,1,0,0,0,1,4,5,2018
2694,1984,1,0,0,2,1,4,5,2018
2703,1983,2,1,0,-1,-1,4,6,2018
2709,1983,2,1,0,2,1,4,5,2018
2744,1985,2,0,0,-1,-1,4,6,2018
2745,1981,1,0,0,1,1,5,5,2018
2803,1981,2,1,2,2,1,4,5,2018
2850,1978,2,0,0,-1,-1,4,6,2018
2887,1982,2,1,0,2,1,4,5,2018
2892,1979,2,1,0,2,1,5,5,2018
2894,1979,1,1,1,2,1,5,5,2018
2904,1986,2,1,1,1,1,4,5,2018
2943,1981,1,0,0,1,1,4,5,2018
2947,1982,1,0,2,2,1,4,5,2018
2948,1981,1,0,0,1,1,4,5,2018
2965,1985,2,1,0,-1,-1,4,6,2018
2986,1983,1,0,0,0,1,4,5,2018
2990,1982,2,1,0,-1,-1,4,6,2018
2998,1983,1,0,0,2,1,4,5,2018
2999,1985,2,1,0,-1,-1,4,6,2018
3018,1981,2,1,0,0,1,4,5,2018
3026,1984,2,1,0,-1,-1,4,6,2018
3065,1983,1,0,0,0,1,4,5,2018
3101,1985,2,1,0,-1,-1,5,6,2018
3104,1985,2,1,0,2,1,4,5,2018
3108,1980,2,1,0,-1,-1,4,6,2018
3129,1982,2,1,2,0,1,5,5,2018
3160,1980,2,1,0,-1,-1,4,6,2018
3161,1983,2,1,1,2,1,4,5,2018
3164,1980,1,0,0,2,1,4,5,2018
3166,1981,2,1,1,0,1,4,5,2018
3175,1981,2,1,1,2,2,4,5,2018
3203,1982,2,1,0,-1,-1,4,6,2018
3304,1984,2,1,0,-1,-1,4,6,2018
3314,1986,2,1,0,-1,-1,4,6,2018
3341,1983,2,1,0,2,1,4,5,2018
3345,1984,1,0,0,0,1,4,5,2018
3361,1984,2,1,0,-1,-1,4,6,2018
3395,1990,1,0,0,0,1,4,5,2018
3478,1984,2,1,0,2,1,4,5,2018
3493,1989,2,0,0,-1,-1,4,6,2018
3502,1982,2,1,1,0,1,4,5,2018
3511,1982,1,0,1,1,1,5,5,2018
3584,1979,2,1,0,0,1,4,5,2018
3657,1988,2,0,0,-1,-1,4,6,2018
3661,1978,1,1,1,2,1,4,5,2018
3705,1978,2,0,0,-1,-1,4,6,2018
3734,1982,2,1,0,0,1,4,5,2018
3736,1988,2,1,0,-1,-1,4,6,2018
3737,1991,2,1,1,2,1,5,5,2018
3750,1981,1,0,0,2,1,4,5,2018
3781,1982,1,1,2,0,1,4,5,2018
3790,1979,2,1,0,2,2,4,5,2018
3799,1985,2,0,0,-1,-1,4,6,2018
3823,1979,1,0,0,-1,-1,4,6,2018
3860,1984,1,0,0,1,1,4,5,2018
3869,1983,1,1,0,2,1,4,5,2018
3890,1985,2,1,1,0,1,4,5,2018
3913,1983,1,1,0,1,1,5,5,2018
3938,1980,2,1,0,-1,-1,5,6,2018
3965,1981,1,0,0,0,1,4,5,2018
3971,1982,2,1,0,-1,-1,4,6,2018
4032,1982,1,1,2,0,1,4,5,2018
4040,1980,1,1,0,0,1,4,5,2018
4041,1982,1,0,0,1,1,4,5,2018
4045,1983,2,1,0,-1,-1,4,6,2018
4046,1981,1,1,1,0,1,4,5,2018
4061,1987,2,1,0,-1,-1,4,6,2018
4071,1983,1,0,0,2,1,4,5,2018
4157,1985,2,1,0,-1,-1,4,6,2018
4184,1982,1,0,0,2,2,4,5,2018
4210,1980,1,0,0,2,1,4,5,2018
4215,1983,2,1,0,-1,-1,5,6,2018
4220,1978,2,1,0,-1,-1,4,6,2018
4226,1985,1,0,0,1,1,4,5,2018
4253,1982,2,1,0,-1,-1,5,6,2018
4292,1979,1,0,0,2,1,5,5,2018
4333,1984,1,0,0,1,1,4,5,2018
4380,1982,2,2,0,2,1,4,5,2018
4382,1984,2,0,0,-1,-1,4,6,2018
4392,1981,1,0,1,1,1,4,5,2018
4421,1981,2,1,0,-1,-1,4,6,2018
4455,1981,1,0,0,0,1,4,5,2018
4457,1987,2,1,0,-1,-1,5,6,2018
4464,1981,2,1,0,-1,-1,4,6,2018
4465,1984,1,0,0,0,1,4,5,2018
4478,1982,2,1,0,-1,-1,4,6,2018
4492,1981,1,1,2,2,1,4,5,2018
4496,1982,1,1,0,0,1,4,5,2018
4506,1979,1,0,0,0,1,4,5,2018
4524,1980,1,0,0,1,1,4,5,2018
4602,1980,2,0,0,-1,-1,4,6,2018
4606,1983,2,1,0,0,1,4,5,2018
4626,1982,2,1,0,-1,-1,5,6,2018
4643,1983,2,0,1,0,1,4,5,2018
4760,1983,1,0,0,2,1,4,5,2018
4799,1987,2,1,1,-1,-1,4,6,2018
4822,1980,2,0,0,-1,-1,4,6,2018
4909,1980,2,1,0,0,1,4,5,2018
4911,1985,2,1,0,2,2,5,5,2018
4959,1982,2,1,0,-1,-1,4,6,2018
5034,1982,2,1,0,-1,-1,4,6,2018
5051,1980,2,1,0,-1,-1,5,6,2018
5113,1978,1,0,0,1,1,5,5,2018
5120,1980,1,0,0,0,1,4,5,2018
5126,1981,1,0,0,0,1,4,5,2018
5128,1983,2,1,0,0,1,4,5,2018
5138,1982,2,1,0,2,1,5,5,2018
5140,1978,2,1,0,2,2,5,5,2018
5150,1984,2,1,2,2,1,4,5,2018
5180,1988,2,1,0,-1,-1,4,6,2018
5214,1978,1,1,1,0,1,4,5,2018
5227,1979,1,0,0,2,1,4,5,2018
5230,1983,2,1,0,-1,-1,4,6,2018
5266,1980,1,0,0,2,1,4,5,2018
5312,1983,1,0,0,1,1,4,5,2018
5367,1984,2,1,0,2,1,4,5,2018
5410,1985,1,0,0,0,1,4,5,2018
5438,1985,2,1,0,-1,-1,4,6,2018
5454,1982,2,1,0,0,1,4,5,2018
5477,1980,2,1,0,-1,-1,4,6,2018
5478,1983,2,1,0,-1,-1,4,6,2018
5531,1986,2,1,0,-1,-1,4,6,2018
5540,1983,1,0,2,2,1,4,5,2018
5551,1990,2,1,0,-1,-1,4,6,2018
5573,1980,1,0,0,0,1,4,5,2018
5619,1982,1,0,0,0,1,4,5,2018
5678,1978,1,1,1,2,1,4,5,2018
5679,1978,2,1,1,2,1,4,5,2018
5682,1982,1,0,0,2,1,4,5,2018
5719,1981,2,1,2,2,1,4,5,2018
5723,1985,2,1,0,0,1,4,5,2018
5786,1980,2,1,0,2,1,4,5,2018
5895,1983,1,0,0,1,1,5,5,2018
5948,1988,1,0,0,0,1,4,5,2018
5969,1984,2,1,1,0,1,4,5,2018
5978,1985,1,0,0,2,1,4,5,2018
5979,1980,2,1,0,2,1,5,5,2018
5980,1978,2,1,1,1,1,5,5,2018
5999,1987,2,1,0,1,1,4,5,2018
6002,1988,2,1,0,-1,-1,5,6,2018
6069,1978,1,1,0,0,1,4,5,2018
6087,1989,2,1,1,2,1,4,5,2018
6093,1983,1,0,0,0,1,4,5,2018
6104,1981,1,0,0,2,1,4,5,2018
6118,1981,1,0,0,0,1,4,5,2018
6150,1981,2,1,0,-1,-1,4,6,2018
6161,1988,2,1,0,1,1,4,5,2018
6165,1983,1,1,1,0,1,4,5,2018
6168,1986,2,1,2,2,2,4,5,2018
6176,1984,2,1,0,-1,-1,4,6,2018
6227,1986,2,1,0,-1,-1,4,6,2018
6235,1982,1,1,0,2,1,4,5,2018
6248,1983,1,1,0,0,1,4,5,2018
6256,1988,2,1,0,0,1,4,5,2018
6257,1981,1,0,0,1,1,4,5,2018
6265,1981,2,1,0,-1,-1,4,6,2018
6276,1990,2,1,0,1,1,4,5,2018
6279,1980,1,0,0,2,1,4,5,2018
6313,1983,2,1,0,-1,-1,4,6,2018
6320,1986,2,1,0,0,1,4,5,2018
6342,1979,2,1,0,-1,-1,4,6,2018
6463,1985,1,0,0,1,1,4,5,2018
6467,1980,1,0,0,0,1,4,5,2018
6496,1989,1,0,0,2,1,4,5,2018
6536,1981,2,1,0,-1,-1,4,6,2018
6581,1984,1,0,0,2,1,4,5,2018
6591,1983,2,0,0,-1,-1,5,6,2018
6596,1980,2,1,0,-1,-1,4,6,2018
6609,1985,2,1,0,-1,-1,5,6,2018
6615,1982,2,1,0,0,1,4,5,2018
6619,1982,1,0,0,2,1,4,5,2018
6630,1984,1,1,1,2,1,4,5,2018
6646,1980,1,0,0,2,1,4,5,2018
6681,1984,2,1,0,0,1,4,5,2018
6731,1983,2,1,0,2,1,5,5,2018
6757,1983,1,1,0,2,1,5,5,2018
6764,1982,1,1,1,1,1,4,5,2018
6773,1982,1,0,0,0,1,4,5,2018
6793,1982,2,1,0,0,1,4,5,2018
6794,1978,2,1,0,0,1,4,5,2018
6827,1978,1,1,0,0,1,4,5,2018
6838,1979,1,1,0,1,1,4,5,2018
6877,1979,1,0,0,0,1,4,5,2018
6910,1988,1,0,0,2,1,4,5,2018
6954,1980,1,0,0,2,1,4,5,2018
7027,1982,2,1,0,-1,-1,4,6,2018
7041,1982,1,1,1,1,1,4,5,2018
7069,1987,2,1,1,2,1,5,5,2018
7074,1985,2,1,0,2,2,4,5,2018
7088,1980,1,1,2,1,1,5,5,2018
7102,1982,1,0,0,1,1,4,5,2018
7117,1983,1,0,0,0,1,4,5,2018
7150,1981,1,0,0,0,1,4,5,2018
7151,1980,1,0,1,2,1,4,5,2018
7155,1985,1,1,0,0,1,4,5,2018
7166,1982,2,1,0,2,2,4,5,2018
7172,1980,1,0,0,1,1,4,5,2018
7183,1980,1,0,0,1,1,5,5,2018
7201,1986,2,1,0,-1,-1,4,6,2018
7232,1980,1,0,0,2,1,4,5,2018
7257,1985,2,1,1,1,1,4,5,2018
7268,1983,2,1,0,-1,-1,4,6,2018
7273,1983,2,1,0,-1,-1,4,6,2018
7282,1983,1,0,0,0,1,4,5,2018
7284,1980,1,1,0,0,1,4,5,2018
7307,1981,1,0,0,1,1,4,5,2018
7324,1983,1,0,0,0,1,4,5,2018
7345,1982,2,1,0,2,2,4,5,2018
7353,1982,1,1,0,0,1,4,5,2018
7354,1979,1,0,0,2,1,4,5,2018
7367,1979,1,0,0,2,1,4,5,2018
7417,1983,2,1,0,-1,-1,4,6,2018
7418,1982,2,1,1,2,1,5,5,2018
7436,1981,1,0,0,2,1,4,5,2018
7442,1981,2,1,0,-1,-1,4,6,2018
7449,1981,1,0,0,0,1,4,5,2018
7469,1984,2,1,1,1,1,4,5,2018
7474,1983,1,0,0,1,1,4,5,2018
7488,1980,1,1,0,1,1,4,5,2018
7490,1983,1,1,2,-1,-1,4,4,2018
7509,1981,2,1,0,-1,-1,4,6,2018
7517,1982,2,1,0,-1,-1,4,6,2018
7518,1983,1,1,0,1,1,4,5,2018
7554,1983,2,0,0,-1,-1,4,6,2018
7555,1984,2,1,1,0,1,5,5,2018
7579,1979,2,1,0,0,2,5,5,2018
7591,1980,2,1,0,2,2,4,5,2018
7594,1983,1,1,0,0,1,4,5,2018
7596,1981,1,0,0,0,1,4,5,2018
7627,1984,2,1,0,-1,-1,4,6,2018
7642,1985,1,1,0,0,1,4,5,2018
7643,1987,2,1,0,-1,-1,4,6,2018
7671,1981,2,1,0,0,2,4,5,2018
7684,1982,1,0,0,0,1,4,5,2018
7701,1982,1,0,0,1,1,5,5,2018
7717,1982,2,1,0,-1,-1,4,6,2018
7720,1984,2,0,0,-1,-1,4,6,2018
7732,1980,2,1,0,-1,-1,4,6,2018
7741,1981,2,1,0,2,2,4,5,2018
7744,1982,1,0,0,2,1,4,5,2018
7754,1979,2,1,0,-1,-1,4,6,2018
7788,1984,2,1,1,-1,-1,4,6,2018
7790,1980,2,1,0,-1,-1,4,6,2018
7832,1980,1,0,0,0,1,4,5,2018
7844,1984,2,1,0,-1,-1,4,6,2018
7876,1979,2,1,0,-1,-1,4,6,2018
7878,1983,2,1,0,0,1,4,5,2018
7885,1983,2,1,0,-1,-1,4,6,2018
7986,1978,1,0,0,0,1,4,5,2018
7996,1986,2,0,1,-1,-1,4,6,2018
8000,1983,2,1,0,-1,-1,4,6,2018
8038,1979,1,1,0,2,1,5,5,2018
8044,1979,2,1,0,2,2,4,5,2018
8048,1980,1,0,0,0,1,4,5,2018
8052,1981,1,0,0,0,1,4,5,2018
8058,1983,2,1,0,-1,-1,4,6,2018
8064,1982,1,1,1,1,1,4,5,2018
8067,1983,1,0,0,0,1,4,5,2018
8075,1985,2,1,0,-1,-1,4,6,2018
8077,1988,2,1,0,-1,-1,4,6,2018
8129,1983,2,1,0,-1,-1,4,6,2018
8149,1983,1,1,1,0,1,4,5,2018
8169,1981,1,0,0,0,1,4,5,2018
8176,1981,1,1,0,2,1,4,5,2018
8200,1987,2,1,0,-1,-1,4,6,2018
8214,1981,1,0,0,0,1,4,5,2018
8217,1980,1,0,0,2,1,5,5,2018
8218,1981,2,1,1,0,1,4,5,2018
8269,1982,1,1,0,2,1,4,5,2018
8278,1981,1,1,0,2,1,4,5,2018
8333,1983,2,1,0,-1,-1,4,6,2018
8352,1982,2,1,0,-1,-1,4,6,2018
8358,1984,1,1,1,0,1,4,5,2018
8368,1985,2,1,0,-1,-1,4,6,2018
8370,1984,1,1,0,1,1,4,5,2018
8372,1987,2,1,0,-1,-1,4,6,2018
8390,1985,2,1,0,-1,-1,5,6,2018
8406,1983,1,0,0,2,1,4,5,2018
8418,1985,2,1,1,2,1,4,5,2018
8425,1980,1,1,2,2,1,5,5,2018
8450,1982,2,0,0,-1,-1,4,6,2018
8467,1983,2,1,0,-1,-1,4,6,2018
8472,1983,1,1,0,2,1,4,5,2018
8482,1981,1,1,0,0,1,5,5,2018
8496,1985,2,1,0,-1,-1,5,6,2018
8537,1988,1,1,0,0,1,4,5,2018
8538,1982,2,1,0,-1,-1,4,6,2018
8547,1981,1,1,1,0,1,4,5,2018
8562,1983,1,1,0,0,1,5,5,2018
8568,1981,2,1,0,0,1,4,5,2018
8572,1979,1,0,0,2,1,4,5,2018
8584,1978,2,2,1,-1,-1,4,6,2018
8600,1982,1,1,0,0,1,4,5,2018
8605,1983,2,1,0,0,1,4,5,2018
8637,1985,2,1,0,-1,-1,4,6,2018
8638,1978,2,1,0,0,1,4,5,2018
8640,1985,1,0,0,0,1,4,5,2018
8641,1980,1,1,0,1,1,4,5,2018
8649,1985,1,0,0,1,1,4,5,2018
8690,1987,2,1,1,2,2,4,5,2018
8694,1982,1,0,0,1,1,4,5,2018
8702,1986,2,1,0,0,1,4,5,2018
8708,1982,2,1,0,-1,-1,4,6,2018
8709,1983,1,0,0,2,1,4,5,2018
8775,1984,2,1,0,2,2,5,5,2018
8779,1981,2,1,0,0,1,4,5,2018
8785,1981,1,0,0,0,1,4,5,2018
8786,1981,1,0,0,0,1,4,5,2018
8823,1983,2,1,0,-1,-1,4,6,2018
8845,1984,1,0,0,0,1,4,5,2018
8865,1985,1,1,0,0,1,4,5,2018
8867,1986,2,1,0,-1,-1,4,6,2018
8893,1983,2,1,0,-1,-1,4,6,2018
8894,1986,2,1,1,0,1,4,5,2018
8897,1983,2,1,0,-1,-1,4,6,2018
8915,1983,2,1,2,2,1,4,5,2018
8924,1980,2,1,0,-1,-1,4,6,2018
8935,1979,1,1,0,0,1,4,5,2018
8946,1981,1,0,0,1,1,4,5,2018
8948,1980,1,1,0,0,1,4,5,2018
8973,1982,1,0,0,2,1,4,5,2018
8974,1980,1,0,0,0,1,4,5,2018
8991,1988,1,1,1,2,1,4,5,2018
8999,1982,1,1,0,0,1,4,5,2018
9013,1982,2,1,0,-1,-1,5,6,2018
9038,1981,1,0,0,2,1,4,5,2018
9043,1981,1,0,0,0,1,4,5,2018
9059,1979,2,1,0,2,2,4,5,2018
9067,1978,1,0,0,1,1,4,5,2018
9072,1982,2,1,0,2,1,4,5,2018
9089,1978,1,0,0,1,1,4,5,2018
9094,1979,2,1,0,-1,-1,5,6,2018
9128,1982,2,1,1,2,1,4,5,2018
9151,1980,1,0,1,0,1,4,5,2018
9155,1982,2,1,0,0,1,4,5,2018
9163,1984,1,0,0,0,1,4,5,2018
9175,1982,1,0,1,2,1,4,5,2018
9202,1986,2,1,2,-1,-1,4,6,2018
9220,1981,2,1,0,2,1,4,5,2018
9257,1981,1,0,0,2,2,5,5,2018
9283,1984,2,1,0,2,1,4,5,2018
9309,1983,1,0,0,1,1,5,5,2018
9337,1983,2,1,1,1,1,4,5,2018
9351,1981,2,1,0,-1,-1,4,6,2018
9352,1983,1,1,1,0,1,5,5,2018
9371,1983,1,1,0,2,1,4,5,2018
9416,1983,2,0,0,-1,-1,5,6,2018
9440,1985,2,0,0,2,1,4,5,2018
9455,1982,2,1,0,0,1,4,5,2018
9470,1983,1,0,0,2,1,4,5,2018
9484,1983,2,1,0,2,1,4,5,2018
9513,1983,1,1,1,1,1,4,5,2018
9555,1981,1,0,0,0,1,4,5,2018
9559,1986,2,1,0,1,1,4,5,2018
9560,1983,1,1,2,2,1,4,5,2018
9573,1980,2,1,0,0,1,4,5,2018
9589,1985,2,1,0,-1,-1,4,6,2018
9593,1985,2,1,0,0,1,4,5,2018
9599,1981,1,0,2,0,1,5,5,2018
9620,1982,1,1,1,0,1,4,5,2018
9625,1983,1,0,0,0,1,4,5,2018
9680,1982,1,0,0,2,1,4,5,2018
9694,1982,1,0,0,0,1,4,5,2018
9696,1986,2,1,0,-1,-1,4,6,2018
9709,1983,2,1,0,2,2,5,5,2018
9717,1980,2,1,1,2,1,4,5,2018
9732,1987,2,1,2,0,1,4,5,2018
9786,1983,1,1,1,1,1,4,5,2018
9794,1980,1,0,0,0,1,4,5,2018
9802,1983,1,0,0,1,1,4,5,2018
9807,1980,1,0,0,0,1,4,5,2018
9836,1980,1,0,0,0,1,4,5,2018
9837,1982,2,1,1,0,1,4,5,2018
9854,1982,2,1,0,-1,-1,4,6,2018
9874,1983,2,1,0,-1,-1,4,6,2018
9894,1982,1,0,0,0,1,4,5,2018
9934,1980,1,0,0,0,1,4,5,2018
9940,1982,2,1,0,-1,-1,4,6,2018
9950,1984,2,1,0,2,1,5,5,2018
10039,1980,1,1,0,0,1,4,5,2018
10053,1980,1,0,0,2,1,4,5,2018
10098,1981,1,0,0,1,1,4,5,2018
10099,1984,2,1,0,0,1,4,5,2018
10110,1982,1,0,0,1,1,5,5,2018
10117,1983,1,1,0,2,1,4,5,2018
10141,1983,1,1,2,1,1,4,5,2018
10160,1981,2,1,0,2,1,4,5,2018
10161,1983,1,0,1,0,1,4,5,2018
10183,1986,2,1,1,2,1,4,5,2018
10195,1982,1,1,0,2,1,4,5,2018
45,1981,2,1,0,0,1,4,5,2019
95,1990,2,1,0,2,1,4,5,2019
108,1985,2,1,0,-1,-1,4,6,2019
187,1981,1,0,0,1,1,4,5,2019
213,1983,2,2,2,1,1,5,5,2019
255,1984,1,0,0,0,1,4,5,2019
257,1981,1,1,0,0,2,4,5,2019
277,1986,2,1,0,-1,-1,4,6,2019
287,1983,2,1,1,0,1,4,5,2019
405,1981,1,0,0,2,1,4,5,2019
458,1984,1,0,0,1,1,4,5,2019
503,1982,1,0,0,1,1,5,5,2019
545,1987,2,1,1,2,1,4,5,2019
604,1983,2,1,0,-1,-1,4,6,2019
609,1979,1,0,0,1,1,4,5,2019
623,1987,2,1,0,1,1,4,5,2019
628,1986,2,1,0,0,1,4,5,2019
690,1985,2,1,0,-1,-1,4,6,2019
703,1981,2,1,0,-1,-1,4,6,2019
770,1983,2,1,2,1,1,4,5,2019
772,1985,2,1,0,-1,-1,4,6,2019
778,1981,1,0,0,0,1,4,5,2019
846,1984,1,0,0,2,1,5,5,2019
885,1981,2,1,1,0,1,5,5,2019
894,1984,2,1,1,-1,-1,4,6,2019
895,1980,1,0,0,1,1,4,5,2019
975,1983,2,1,0,0,1,4,5,2019
1148,1987,2,1,2,-1,-1,4,6,2019
1188,1981,1,0,1,0,1,4,5,2019
1189,1980,1,0,0,0,1,4,5,2019
1245,1983,1,0,0,0,1,4,5,2019
1314,1978,1,1,0,1,1,4,5,2019
1315,1980,1,1,0,1,1,5,5,2019
1317,1983,1,0,0,0,1,4,5,2019
1326,1980,2,1,0,0,1,4,5,2019
1330,1978,1,1,0,2,1,4,5,2019
1360,1985,2,1,1,0,1,4,5,2019
1380,1982,1,0,0,1,1,4,5,2019
1427,1983,2,1,0,2,2,5,5,2019
1429,1979,2,1,0,-1,-1,4,6,2019
1432,1985,1,0,0,2,1,4,5,2019
1440,1983,2,1,0,0,1,4,5,2019
1499,1989,2,1,0,0,1,4,5,2019
1554,1984,1,0,0,2,1,4,5,2019
1555,1982,1,0,0,1,1,4,5,2019
1577,1983,1,0,0,2,1,5,5,2019
1578,1985,2,1,0,-1,-1,4,6,2019
1581,1985,2,1,0,-1,-1,5,6,2019
1632,1986,2,1,0,2,1,4,5,2019
1672,1981,2,1,0,2,1,5,5,2019
1727,1985,1,0,0,0,1,4,5,2019
1754,1982,2,1,0,2,1,4,5,2019
1829,1986,2,1,0,0,1,4,5,2019
1896,1978,2,1,0,2,1,5,5,2019
1900,1979,2,1,0,0,1,4,5,2019
1918,1981,2,1,0,2,2,4,5,2019
1921,1979,2,1,0,2,2,4,5,2019
1946,1980,1,1,0,2,1,4,5,2019
1970,1984,1,0,0,0,1,4,5,2019
1986,1985,2,1,2,0,1,4,5,2019
1988,1983,1,0,0,0,1,4,5,2019
2016,1982,2,1,0,2,1,4,5,2019
2043,1985,2,0,0,-1,-1,4,6,2019
2059,1984,2,1,0,2,1,4,5,2019
2108,1981,1,0,0,0,1,4,5,2019
2109,1983,1,0,0,-1,-1,4,6,2019
2132,1987,2,1,0,-1,-1,4,6,2019
2192,1980,1,0,0,0,1,4,5,2019
2195,1985,2,1,0,-1,-1,4,6,2019
2228,1985,2,1,2,2,1,4,5,2019
2232,1981,2,1,0,-1,-1,5,6,2019
2255,1983,1,0,0,0,1,4,5,2019
2266,1980,1,1,0,1,1,5,5,2019
2351,1982,1,1,0,-1,-1,4,6,2019
2373,1983,1,0,0,2,1,4,5,2019
2466,1987,2,1,0,2,1,4,5,2019
2476,1981,1,0,0,1,1,4,5,2019
2511,1979,1,0,0,2,1,4,5,2019
2525,1986,2,0,0,-1,-1,4,6,2019
2585,1978,2,1,1,0,1,4,5,2019
2598,1985,2,1,0,0,1,4,5,2019
2633,1982,2,1,0,1,1,4,5,2019
2653,1986,2,1,0,0,1,4,5,2019
2663,1986,1,0,0,2,1,4,5,2019
2683,1978,1,0,0,0,1,4,5,2019
2694,1984,1,0,0,2,1,4,5,2019
2709,1983,2,1,0,2,1,4,5,2019
2718,1981,2,1,0,-1,-1,4,6,2019
2744,1985,2,1,0,-1,-1,4,6,2019
2745,1981,1,0,0,1,1,5,5,2019
2850,1978,2,1,0,-1,-1,4,6,2019
2878,1978,1,0,0,2,1,4,5,2019
2887,1982,2,1,0,2,1,4,5,2019
2892,1979,2,1,0,2,1,5,5,2019
2894,1979,1,1,1,2,1,5,5,2019
2904,1986,2,1,0,-1,-1,4,6,2019
2947,1982,1,0,0,2,1,4,5,2019
2948,1981,1,0,0,1,1,4,5,2019
2965,1985,2,1,0,-1,-1,4,6,2019
2986,1983,1,0,0,0,1,4,5,2019
2990,1982,2,1,0,-1,-1,4,6,2019
2998,1983,1,0,0,2,1,4,5,2019
3018,1981,2,1,0,0,1,4,5,2019
3026,1984,2,1,0,-1,-1,4,6,2019
3065,1983,1,0,0,0,1,4,5,2019
3101,1985,2,1,0,-1,-1,5,6,2019
3104,1985,2,1,0,2,2,4,5,2019
3129,1982,2,1,0,0,1,5,5,2019
3160,1980,2,1,0,-1,-1,4,6,2019
3161,1983,2,1,2,2,1,4,5,2019
3175,1981,2,0,0,2,1,4,5,2019
3258,1980,2,1,1,0,1,4,5,2019
3314,1986,2,1,0,1,1,4,5,2019
3341,1983,2,1,0,2,1,4,5,2019
3345,1984,1,1,0,0,1,4,5,2019
3361,1984,2,1,0,-1,-1,4,6,2019
3395,1990,1,0,0,0,1,4,5,2019
3478,1984,2,2,0,2,1,4,5,2019
3493,1989,2,0,0,-1,-1,4,6,2019
3502,1982,2,1,0,0,1,4,5,2019
3511,1982,1,0,1,0,1,5,5,2019
3584,1979,2,1,1,0,1,4,5,2019
3657,1988,2,1,0,-1,-1,4,6,2019
3734,1982,2,1,0,0,1,4,5,2019
3736,1988,2,1,0,-1,-1,4,6,2019
3737,1991,2,1,2,2,1,5,5,2019
3781,1982,1,1,1,0,1,4,5,2019
3790,1979,2,1,0,2,1,4,5,2019
3799,1985,2,1,0,-1,-1,4,6,2019
3860,1984,1,0,0,1,1,4,5,2019
3869,1983,1,1,1,2,1,4,5,2019
3913,1983,1,1,1,1,1,5,5,2019
3938,1980,2,1,0,-1,-1,5,6,2019
3965,1981,1,1,0,0,1,4,5,2019
4040,1980,1,1,0,0,1,4,5,2019
4041,1982,1,0,0,1,1,4,5,2019
4045,1983,2,1,0,-1,-1,4,6,2019
4046,1981,1,1,1,0,1,4,5,2019
4061,1987,2,1,0,-1,-1,4,6,2019
4071,1983,1,0,0,2,1,4,5,2019
4157,1985,2,1,2,0,1,4,5,2019
4184,1982,1,0,0,2,2,4,5,2019
4210,1980,1,0,0,2,1,4,5,2019
4215,1983,2,1,1,2,1,5,5,2019
4220,1978,2,1,0,-1,-1,4,6,2019
4253,1982,2,1,0,-1,-1,5,6,2019
4333,1984,1,0,0,1,1,4,5,2019
4392,1981,1,0,3,1,1,4,5,2019
4421,1981,2,1,0,-1,-1,4,6,2019
4455,1981,1,0,0,0,1,4,5,2019
4457,1987,2,1,0,-1,-1,5,6,2019
4465,1984,1,0,0,0,1,4,5,2019
4478,1982,2,1,0,-1,-1,4,6,2019
4492,1981,1,1,2,2,1,4,5,2019
4496,1982,1,1,0,0,1,4,5,2019
4506,1979,1,0,0,0,1,4,5,2019
4524,1980,1,0,0,1,1,4,5,2019
4531,1982,1,1,0,-1,-1,5,4,2019
4602,1980,2,0,0,-1,-1,4,6,2019
4626,1982,2,0,0,-1,-1,5,6,2019
4643,1983,2,1,1,0,1,4,5,2019
4760,1983,1,0,0,2,1,4,5,2019
4799,1987,2,1,0,0,1,4,5,2019
4909,1980,2,1,0,0,1,4,5,2019
4911,1985,2,1,1,2,2,5,5,2019
4959,1982,2,0,0,-1,-1,4,6,2019
5051,1980,2,1,0,-1,-1,5,6,2019
5113,1978,1,1,0,1,1,5,5,2019
5120,1980,1,1,2,0,1,4,5,2019
5128,1983,2,1,0,-1,-1,4,3,2019
5138,1982,2,1,1,2,1,5,5,2019
5140,1978,2,1,0,2,2,5,5,2019
5180,1988,2,0,1,-1,-1,4,6,2019
5227,1979,1,0,0,2,1,4,5,2019
5230,1983,2,1,0,-1,-1,4,6,2019
5312,1983,1,0,0,1,1,4,5,2019
5410,1985,1,0,0,0,1,4,5,2019
5438,1985,2,0,0,-1,-1,4,6,2019
5454,1982,2,1,0,0,1,4,5,2019
5477,1980,2,1,0,-1,-1,4,6,2019
5478,1983,2,1,0,-1,-1,4,6,2019
5540,1983,1,0,1,2,1,4,5,2019
5551,1990,2,0,0,2,1,4,5,2019
5678,1978,1,1,0,2,1,4,5,2019
5679,1978,2,1,0,2,1,4,5,2019
5682,1982,1,0,0,2,1,4,5,2019
5719,1981,2,1,1,2,1,4,5,2019
5723,1985,2,1,0,0,1,4,5,2019
5732,1979,1,0,0,2,1,5,5,2019
5948,1988,1,0,0,0,1,4,5,2019
5969,1984,2,1,0,0,1,4,5,2019
5978,1985,1,1,0,2,1,4,5,2019
5980,1978,2,1,2,1,1,5,5,2019
5999,1987,2,1,0,1,1,4,5,2019
6002,1988,2,0,0,-1,-1,5,6,2019
6069,1978,1,1,0,0,1,4,5,2019
6087,1989,2,1,0,2,1,4,5,2019
6093,1983,1,0,0,0,1,4,5,2019
6104,1981,1,0,1,2,1,4,5,2019
6118,1981,1,1,0,0,1,4,5,2019
6150,1981,2,1,0,0,1,4,5,2019
6154,1979,2,1,0,-1,-1,4,6,2019
6161,1988,2,1,1,1,1,4,5,2019
6165,1983,1,1,2,0,1,4,5,2019
6168,1986,2,1,0,2,1,4,5,2019
6227,1986,2,0,0,-1,-1,4,6,2019
6235,1982,1,1,0,2,1,4,5,2019
6248,1983,1,1,0,0,1,4,5,2019
6256,1988,2,1,0,0,1,4,5,2019
6257,1981,1,0,0,1,1,4,5,2019
6265,1981,2,1,0,2,2,4,5,2019
6276,1990,2,1,0,1,1,4,5,2019
6279,1980,1,0,0,0,1,4,5,2019
6301,1983,2,1,0,2,2,5,5,2019
6313,1983,2,1,0,-1,-1,4,6,2019
6320,1986,2,0,0,0,1,4,5,2019
6463,1985,1,0,0,1,1,4,5,2019
6496,1989,1,0,0,2,1,4,5,2019
6536,1981,2,1,0,-1,-1,4,6,2019
6581,1984,1,1,0,2,1,4,5,2019
6591,1983,2,0,0,-1,-1,5,6,2019
6609,1985,2,1,0,2,2,5,5,2019
6615,1982,2,1,0,-1,-1,4,6,2019
6619,1982,1,0,0,2,1,4,5,2019
6630,1984,1,1,1,2,1,4,5,2019
6646,1980,1,0,0,2,1,4,5,2019
6681,1984,2,1,0,0,1,4,5,2019
6757,1983,1,1,0,2,1,5,5,2019
6773,1982,1,0,0,0,1,4,5,2019
6827,1978,1,1,0,0,1,4,5,2019
6838,1979,1,1,0,1,1,4,5,2019
6910,1988,1,0,0,2,1,4,5,2019
6954,1980,1,0,0,2,1,4,5,2019
7027,1982,2,1,0,2,1,4,5,2019
7037,1982,2,1,0,1,1,4,5,2019
7042,1983,2,0,0,-1,-1,4,6,2019
7069,1987,2,1,1,2,1,5,5,2019
7074,1985,2,1,0,2,2,4,5,2019
7088,1980,1,1,2,1,1,5,5,2019
7102,1982,1,0,0,1,1,4,5,2019
7117,1983,1,0,0,0,1,4,5,2019
7151,1980,1,1,0,2,1,4,5,2019
7155,1985,1,1,0,0,1,4,5,2019
7172,1980,1,0,0,0,1,4,5,2019
7183,1980,1,0,0,1,1,5,5,2019
7257,1985,2,1,0,-1,-1,4,6,2019
7273,1983,2,1,0,-1,-1,4,6,2019
7324,1983,1,1,0,0,1,4,5,2019
7345,1982,2,1,0,-1,-1,4,6,2019
7353,1982,1,1,0,0,1,4,5,2019
7393,1982,1,0,0,0,1,4,5,2019
7417,1983,2,1,0,-1,-1,4,6,2019
7418,1982,2,1,1,2,1,5,5,2019
7449,1981,1,0,0,0,1,4,5,2019
7469,1984,2,1,1,1,1,4,5,2019
7474,1983,1,0,0,1,1,4,5,2019
7490,1983,1,1,2,1,1,5,5,2019
7509,1981,2,1,0,-1,-1,4,6,2019
7555,1984,2,2,2,0,1,5,5,2019
7579,1979,2,1,1,2,2,5,5,2019
7591,1980,2,1,0,2,2,4,5,2019
7594,1983,1,0,0,0,1,4,5,2019
7596,1981,1,0,0,0,1,4,5,2019
7642,1985,1,0,0,0,1,4,5,2019
7643,1987,2,1,0,-1,-1,4,6,2019
7668,1987,2,1,0,-1,-1,4,6,2019
7671,1981,2,1,0,0,2,4,5,2019
7677,1981,1,0,0,2,1,4,5,2019
7701,1982,1,0,0,1,1,5,5,2019
7717,1982,2,0,0,-1,-1,4,6,2019
7720,1984,2,1,0,-1,-1,4,6,2019
7733,1978,2,0,0,-1,-1,4,6,2019
7744,1982,1,1,1,2,1,4,5,2019
7754,1979,2,1,0,-1,-1,4,6,2019
7788,1984,2,1,0,-1,-1,4,6,2019
7878,1983,2,1,0,0,1,4,5,2019
7986,1978,1,0,0,0,1,4,5,2019
7996,1986,2,1,0,-1,-1,4,6,2019
8044,1979,2,1,0,2,2,4,5,2019
8052,1981,1,0,0,0,1,4,5,2019
8058,1983,2,1,0,-1,-1,4,6,2019
8067,1983,1,0,0,0,1,4,5,2019
8075,1985,2,1,0,-1,-1,4,6,2019
8129,1983,2,1,0,0,1,4,5,2019
8149,1983,1,2,1,0,1,4,5,2019
8214,1981,1,0,0,0,1,4,5,2019
8217,1980,1,0,0,2,1,5,5,2019
8218,1981,2,1,1,0,1,4,5,2019
8352,1982,2,1,1,-1,-1,4,6,2019
8358,1984,1,0,0,0,1,4,5,2019
8362,1985,1,1,0,1,1,4,5,2019
8368,1985,2,0,0,-1,-1,4,6,2019
8370,1984,1,1,0,1,1,4,5,2019
8390,1985,2,1,1,0,1,5,5,2019
8406,1983,1,0,0,2,1,4,5,2019
8418,1985,2,1,1,2,1,4,5,2019
8425,1980,1,1,1,2,1,5,5,2019
8444,1984,2,1,0,-1,-1,5,6,2019
8450,1982,2,1,0,-1,-1,4,6,2019
8467,1983,2,0,0,-1,-1,4,6,2019
8472,1983,1,1,0,2,1,4,5,2019
8482,1981,1,1,1,0,1,5,5,2019
8496,1985,2,1,0,-1,-1,5,6,2019
8537,1988,1,0,0,0,1,4,5,2019
8562,1983,1,0,0,0,1,5,5,2019
8568,1981,2,1,0,2,1,4,5,2019
8572,1979,1,0,0,2,1,4,5,2019
8613,1983,2,1,0,-1,-1,4,6,2019
8640,1985,1,1,0,0,1,4,5,2019
8641,1980,1,0,0,1,1,4,5,2019
8690,1987,2,1,0,-1,-1,4,6,2019
8744,1985,1,1,0,-1,-1,4,6,2019
8775,1984,2,1,0,2,1,5,5,2019
8785,1981,1,0,0,0,1,4,5,2019
8786,1981,1,0,0,0,1,4,5,2019
8867,1986,2,1,0,-1,-1,4,6,2019
8893,1983,2,0,0,-1,-1,4,6,2019
8894,1986,2,1,0,0,1,4,5,2019
8915,1983,2,1,0,2,1,4,5,2019
8924,1980,2,1,0,-1,-1,4,6,2019
8935,1979,1,1,0,0,1,4,5,2019
8945,1981,1,0,0,0,1,5,5,2019
8948,1980,1,1,0,0,1,4,5,2019
8999,1982,1,0,0,0,1,4,5,2019
9013,1982,2,1,0,-1,-1,5,6,2019
9043,1981,1,0,0,0,1,4,5,2019
9053,1981,1,1,0,1,1,4,5,2019
9059,1979,2,1,2,-1,-1,4,4,2019
9067,1978,1,0,0,1,1,4,5,2019
9094,1979,2,2,0,-1,-1,5,6,2019
9128,1982,2,1,0,2,1,4,5,2019
9147,1981,2,1,0,-1,-1,4,6,2019
9151,1980,1,0,1,0,1,4,5,2019
9163,1984,1,0,0,0,1,4,5,2019
9175,1982,1,0,0,2,1,4,5,2019
9202,1986,2,1,2,-1,-1,4,6,2019
9220,1981,2,1,0,2,1,4,5,2019
9283,1984,2,1,0,2,1,4,5,2019
9309,1983,1,0,0,1,1,5,5,2019
9337,1983,2,1,0,1,1,4,5,2019
9352,1983,1,1,1,0,1,5,5,2019
9371,1983,1,0,0,2,1,4,5,2019
9416,1983,2,0,0,-1,-1,5,6,2019
9440,1985,2,1,0,2,1,4,5,2019
9484,1983,2,1,0,2,1,4,5,2019
9513,1983,1,1,0,1,1,4,5,2019
9560,1983,1,0,0,2,1,4,5,2019
9589,1985,2,1,0,-1,-1,4,6,2019
9593,1985,2,1,1,0,1,4,5,2019
9596,1984,2,1,0,0,1,4,5,2019
9599,1981,1,1,2,0,1,5,5,2019
9625,1983,1,0,0,0,1,4,5,2019
9680,1982,1,0,0,0,1,4,5,2019
9694,1982,1,1,0,0,1,4,5,2019
9696,1986,2,1,0,-1,-1,4,6,2019
9709,1983,2,1,0,2,2,5,5,2019
9717,1980,2,1,1,2,1,4,5,2019
9732,1987,2,1,2,0,1,4,5,2019
9786,1983,1,1,1,1,1,4,5,2019
9794,1980,1,0,0,0,1,4,5,2019
9802,1983,1,0,0,0,1,4,5,2019
9836,1980,1,0,0,0,1,4,5,2019
9837,1982,2,1,2,0,1,4,5,2019
9848,1979,2,0,0,-1,-1,4,6,2019
9854,1982,2,0,0,-1,-1,4,6,2019
9874,1983,2,1,0,2,2,4,5,2019
9894,1982,1,0,0,0,1,4,5,2019
9934,1980,1,0,0,0,1,4,5,2019
9940,1982,2,1,0,-1,-1,4,6,2019
10039,1980,1,1,1,0,1,4,5,2019
10053,1980,1,0,0,2,1,4,5,2019
10099,1984,2,0,0,0,1,4,5,2019
10110,1982,1,0,0,1,1,5,5,2019
10117,1983,1,1,0,2,1,4,5,2019
10141,1983,1,1,0,1,1,4,5,2019
10160,1981,2,1,0,2,1,4,5,2019
10161,1983,1,0,0,0,1,4,5,2019
10183,1986,2,1,1,2,1,4,5,2019
10195,1982,1,1,0,2,1,4,5,2019
45,1981,2,1,0,0,1,4,5,2020
108,1985,2,1,0,-1,-1,4,6,2020
213,1983,2,2,1,1,1,5,5,2020
255,1984,1,1,0,0,1,4,5,2020
257,1981,1,0,0,0,2,4,5,2020
277,1986,2,2,0,-1,-1,4,6,2020
287,1983,2,1,1,0,1,4,5,2020
290,1984,2,1,0,-1,-1,4,6,2020
405,1981,1,1,0,2,1,4,5,2020
458,1984,1,0,0,1,1,4,5,2020
503,1982,1,0,0,1,1,5,5,2020
604,1983,2,1,0,-1,-1,4,6,2020
623,1987,2,1,0,1,1,4,5,2020
628,1986,2,1,0,0,1,4,5,2020
658,1981,1,0,0,1,1,4,5,2020
688,1980,1,0,0,0,1,4,5,2020
690,1985,2,1,2,1,1,4,5,2020
703,1981,2,1,0,-1,-1,4,6,2020
770,1983,2,1,1,1,1,4,5,2020
771,1980,2,0,0,-1,-1,4,6,2020
772,1985,2,2,0,-1,-1,4,6,2020
778,1981,1,0,0,0,1,4,5,2020
846,1984,1,0,0,2,1,5,5,2020
855,1979,2,1,1,2,1,5,5,2020
885,1981,2,1,1,0,1,5,5,2020
894,1984,2,0,0,0,2,4,5,2020
975,1983,2,1,1,0,1,4,5,2020
1119,1978,2,1,0,0,1,4,5,2020
1148,1987,2,1,3,-1,-1,4,6,2020
1188,1981,1,0,0,0,1,4,5,2020
1189,1980,1,0,0,0,1,4,5,2020
1245,1983,1,1,0,0,1,4,5,2020
1315,1980,1,0,0,1,1,5,5,2020
1317,1983,1,0,0,0,1,4,5,2020
1326,1980,2,1,0,0,1,4,5,2020
1360,1985,2,1,1,0,1,4,5,2020
1380,1982,1,0,0,1,1,4,5,2020
1427,1983,2,1,0,-1,-1,5,6,2020
1432,1985,1,1,0,2,1,4,5,2020
1440,1983,2,1,0,0,1,4,5,2020
1554,1984,1,0,0,2,1,4,5,2020
1555,1982,1,0,0,1,1,4,5,2020
1577,1983,1,0,0,2,1,5,5,2020
1578,1985,2,1,0,-1,-1,4,6,2020
1581,1985,2,1,0,2,1,5,5,2020
1632,1986,2,1,0,2,1,4,5,2020
1672,1981,2,1,1,2,1,5,5,2020
1727,1985,1,0,0,0,1,4,5,2020
1754,1982,2,1,0,2,1,4,5,2020
1786,1982,2,1,0,-1,-1,4,6,2020
1829,1986,2,1,0,0,1,4,5,2020
1896,1978,2,1,0,2,1,5,5,2020
1900,1979,2,1,0,0,1,4,5,2020
1918,1981,2,1,0,2,2,4,5,2020
1921,1979,2,0,0,2,2,4,5,2020
1945,1980,1,1,1,0,1,5,5,2020
1946,1980,1,1,0,2,1,4,5,2020
1986,1985,2,1,0,0,1,4,5,2020
1988,1983,1,0,0,0,1,4,5,2020
2016,1982,2,1,0,2,1,4,5,2020
2043,1985,2,0,0,-1,-1,4,6,2020
2108,1981,1,0,0,0,1,4,5,2020
2192,1980,1,0,0,0,1,4,5,2020
2195,1985,2,1,0,0,1,4,5,2020
2228,1985,2,1,0,2,1,4,5,2020
2266,1980,1,1,0,1,1,5,5,2020
2347,1985,1,1,1,0,1,4,5,2020
2351,1982,1,1,1,0,1,4,5,2020
2373,1983,1,0,0,2,1,4,5,2020
2476,1981,1,0,0,1,1,4,5,2020
2511,1979,1,0,2,2,1,4,5,2020
2539,1981,1,0,0,1,1,4,5,2020
2584,1981,1,0,0,1,1,5,5,2020
2585,1978,2,1,0,0,1,4,5,2020
2598,1985,2,1,0,2,1,4,5,2020
2624,1983,2,1,0,2,1,4,5,2020
2633,1982,2,1,0,1,1,4,5,2020
2649,1980,1,0,0,1,1,4,5,2020
2653,1986,2,1,0,0,1,4,5,2020
2663,1986,1,0,0,2,1,4,5,2020
2683,1978,1,0,0,0,1,4,5,2020
2694,1984,1,0,0,2,1,4,5,2020
2708,1984,2,1,0,1,1,4,5,2020
2709,1983,2,1,0,2,1,4,5,2020
2718,1981,2,1,0,-1,-1,4,6,2020
2745,1981,1,0,0,1,1,5,5,2020
2850,1978,2,1,0,-1,-1,4,6,2020
2856,1979,2,1,0,-1,-1,4,6,2020
2878,1978,1,0,1,2,1,4,5,2020
2887,1982,2,1,0,2,1,4,5,2020
2892,1979,2,1,0,2,1,5,5,2020
2894,1979,1,1,1,2,1,5,5,2020
2904,1986,2,1,0,-1,-1,4,6,2020
2938,1987,2,1,0,2,1,4,5,2020
2947,1982,1,1,0,2,1,4,5,2020
2965,1985,2,1,0,-1,-1,4,6,2020
2986,1983,1,0,0,0,1,4,5,2020
2990,1982,2,1,0,-1,-1,4,6,2020
2998,1983,1,0,0,2,1,4,5,2020
2999,1985,2,1,0,-1,-1,4,6,2020
3018,1981,2,1,0,0,1,4,5,2020
3026,1984,2,1,0,-1,-1,4,6,2020
3065,1983,1,0,0,0,1,4,5,2020
3101,1985,2,1,0,-1,-1,5,6,2020
3129,1982,2,1,0,0,1,5,5,2020
3160,1980,2,1,0,-1,-1,4,6,2020
3161,1983,2,1,3,2,1,4,5,2020
3175,1981,2,0,1,2,1,4,5,2020
3203,1982,2,1,1,0,1,4,5,2020
3314,1986,2,1,0,1,1,4,5,2020
3341,1983,2,1,0,2,1,4,5,2020
3361,1984,2,1,0,-1,-1,4,6,2020
3383,1979,2,1,0,-1,-1,4,6,2020
3395,1990,1,0,0,0,1,4,5,2020
3478,1984,2,2,0,2,1,4,5,2020
3493,1989,2,0,0,-1,-1,4,6,2020
3502,1982,2,1,0,0,1,4,5,2020
3511,1982,1,0,1,0,1,5,5,2020
3736,1988,2,1,0,-1,-1,4,6,2020
3737,1991,2,1,0,2,1,5,5,2020
3781,1982,1,1,0,0,1,4,5,2020
3790,1979,2,1,0,2,1,4,5,2020
3799,1985,2,1,0,-1,-1,4,6,2020
3860,1984,1,1,0,1,1,4,5,2020
3869,1983,1,2,0,2,1,4,5,2020
3913,1983,1,1,1,1,2,5,5,2020
3965,1981,1,1,0,0,1,4,5,2020
4040,1980,1,1,0,0,1,4,5,2020
4041,1982,1,0,0,1,1,4,5,2020
4046,1981,1,1,1,0,1,4,5,2020
4061,1987,2,1,0,-1,-1,4,6,2020
4143,1983,2,1,0,-1,-1,4,6,2020
4157,1985,2,1,0,0,1,4,5,2020
4184,1982,1,0,0,2,2,4,5,2020
4220,1978,2,1,0,-1,-1,4,6,2020
4333,1984,1,0,0,1,1,4,5,2020
4392,1981,1,0,2,1,1,4,5,2020
4421,1981,2,1,0,-1,-1,4,6,2020
4457,1987,2,1,0,-1,-1,5,6,2020
4465,1984,1,1,0,0,1,4,5,2020
4492,1981,1,1,1,2,1,4,5,2020
4496,1982,1,1,0,0,1,4,5,2020
4506,1979,1,0,0,0,1,4,5,2020
4524,1980,1,1,1,1,1,4,5,2020
4531,1982,1,1,1,1,2,5,5,2020
4602,1980,2,0,0,-1,-1,4,6,2020
4643,1983,2,1,1,0,1,4,5,2020
4760,1983,1,0,0,2,1,4,5,2020
4798,1985,2,1,0,2,1,4,5,2020
4799,1987,2,1,0,0,1,4,5,2020
4909,1980,2,1,0,0,1,4,5,2020
4911,1985,2,1,1,2,2,5,5,2020
4959,1982,2,0,0,0,1,4,5,2020
5113,1978,1,1,0,1,1,5,5,2020
5115,1983,2,1,1,0,1,4,5,2020
5120,1980,1,1,0,0,1,5,5,2020
5140,1978,2,1,0,2,2,5,5,2020
5180,1988,2,0,1,-1,-1,4,6,2020
5181,1979,1,0,0,0,1,4,5,2020
5312,1983,1,0,0,1,1,4,5,2020
5367,1984,2,1,2,2,1,4,5,2020
5410,1985,1,0,0,0,1,4,5,2020
5438,1985,2,1,0,-1,-1,4,6,2020
5478,1983,2,1,0,-1,-1,4,6,2020
5540,1983,1,0,1,2,1,4,5,2020
5551,1990,2,1,0,-1,-1,4,6,2020
5619,1982,1,0,0,0,1,4,5,2020
5679,1978,2,1,0,-1,-1,4,6,2020
5682,1982,1,0,0,2,1,4,5,2020
5719,1981,2,1,2,2,1,4,5,2020
5723,1985,2,1,0,0,1,4,5,2020
5786,1980,2,1,0,2,1,4,5,2020
5969,1984,2,1,2,0,1,4,5,2020
5978,1985,1,1,0,2,1,4,5,2020
5979,1980,2,1,0,2,1,5,5,2020
5980,1978,2,1,2,1,1,5,5,2020
6002,1988,2,1,0,-1,-1,5,6,2020
6069,1978,1,1,4,0,1,4,5,2020
6087,1989,2,1,1,2,1,4,5,2020
6093,1983,1,0,0,0,1,4,5,2020
6104,1981,1,0,0,2,1,4,5,2020
6118,1981,1,0,0,0,1,4,5,2020
6150,1981,2,1,0,0,1,4,5,2020
6154,1979,2,1,0,-1,-1,4,6,2020
6161,1988,2,1,1,1,1,4,5,2020
6168,1986,2,1,0,2,1,4,5,2020
6227,1986,2,1,1,2,2,4,5,2020
6235,1982,1,1,0,2,1,4,5,2020
6248,1983,1,0,0,0,1,4,5,2020
6257,1981,1,1,2,1,1,4,5,2020
6265,1981,2,1,0,2,2,4,5,2020
6276,1990,2,1,0,1,1,4,5,2020
6301,1983,2,1,0,2,1,5,5,2020
6313,1983,2,1,0,-1,-1,4,6,2020
6333,1987,1,0,0,-1,-1,4,6,2020
6463,1985,1,1,1,1,1,4,5,2020
6467,1980,1,0,0,0,1,4,5,2020
6496,1989,1,0,0,2,1,4,5,2020
6581,1984,1,1,0,2,1,4,5,2020
6591,1983,2,1,0,-1,-1,5,6,2020
6596,1980,2,1,0,-1,-1,4,6,2020
6609,1985,2,1,0,-1,-1,5,6,2020
6619,1982,1,0,0,2,1,4,5,2020
6630,1984,1,0,0,2,1,4,5,2020
6646,1980,1,0,0,2,1,4,5,2020
6681,1984,2,1,0,0,1,4,5,2020
6757,1983,1,1,0,2,1,5,5,2020
6764,1982,1,0,0,1,1,4,5,2020
6804,1978,1,0,0,1,1,4,5,2020
6838,1979,1,1,0,1,1,4,5,2020
6910,1988,1,0,0,2,1,4,5,2020
7042,1983,2,0,0,-1,-1,4,6,2020
7069,1987,2,1,1,2,1,5,5,2020
7074,1985,2,1,0,2,2,4,5,2020
7088,1980,1,1,1,1,1,5,5,2020
7102,1982,1,1,0,1,1,4,5,2020
7117,1983,1,0,0,0,1,4,5,2020
7155,1985,1,1,0,0,1,4,5,2020
7183,1980,1,0,0,1,1,5,5,2020
7201,1986,2,1,0,-1,-1,4,6,2020
7257,1985,2,1,2,0,1,4,5,2020
7273,1983,2,0,0,-1,-1,4,6,2020
7282,1983,1,0,0,0,1,4,5,2020
7307,1981,1,0,0,1,1,4,5,2020
7324,1983,1,1,1,0,1,4,5,2020
7345,1982,2,1,0,0,2,4,5,2020
7353,1982,1,1,0,0,1,4,5,2020
7393,1982,1,0,0,0,1,4,5,2020
7417,1983,2,1,0,-1,-1,4,6,2020
7449,1981,1,0,0,0,1,4,5,2020
7469,1984,2,1,1,1,1,4,5,2020
7474,1983,1,0,0,1,1,4,5,2020
7490,1983,1,1,0,-1,-1,5,6,2020
7509,1981,2,1,0,2,2,4,5,2020
7518,1983,1,1,1,1,1,4,5,2020
7555,1984,2,1,1,-1,-1,5,6,2020
7579,1979,2,1,0,2,2,5,5,2020
7591,1980,2,1,0,2,2,4,5,2020
7596,1981,1,1,0,0,1,4,5,2020
7642,1985,1,1,1,0,1,4,5,2020
7643,1987,2,0,0,-1,-1,4,6,2020
7668,1987,2,1,0,-1,-1,4,6,2020
7671,1981,2,1,0,0,2,4,5,2020
7701,1982,1,0,0,1,1,5,5,2020
7717,1982,2,1,0,-1,-1,4,6,2020
7720,1984,2,0,0,-1,-1,4,6,2020
7732,1980,2,2,0,-1,-1,4,6,2020
7733,1978,2,1,0,-1,-1,4,6,2020
7744,1982,1,1,0,2,1,4,5,2020
7754,1979,2,1,0,-1,-1,4,6,2020
7832,1980,1,0,0,0,1,4,5,2020
7878,1983,2,1,0,-1,-1,4,6,2020
7939,1981,2,1,0,-1,-1,4,6,2020
7986,1978,1,0,1,0,1,4,5,2020
7996,1986,2,1,0,-1,-1,4,6,2020
8024,1982,2,1,0,0,1,4,5,2020
8044,1979,2,1,0,2,2,4,5,2020
8048,1980,1,0,1,2,1,4,5,2020
8067,1983,1,0,0,2,1,4,5,2020
8075,1985,2,1,0,0,1,4,5,2020
8077,1988,2,0,0,-1,-1,4,6,2020
8129,1983,2,1,0,-1,-1,4,6,2020
8149,1983,1,1,1,0,1,4,5,2020
8214,1981,1,0,0,0,1,4,5,2020
8217,1980,1,0,0,2,1,5,5,2020
8352,1982,2,1,2,-1,-1,4,6,2020
8358,1984,1,1,0,0,1,4,5,2020
8362,1985,1,1,0,1,1,4,5,2020
8368,1985,2,1,0,-1,-1,4,6,2020
8372,1987,2,1,2,2,1,4,5,2020
8390,1985,2,1,0,0,1,5,5,2020
8406,1983,1,0,0,2,1,4,5,2020
8418,1985,2,1,1,2,1,4,5,2020
8425,1980,1,1,1,2,1,5,5,2020
8467,1983,2,0,0,-1,-1,4,6,2020
8472,1983,1,1,0,2,1,4,5,2020
8482,1981,1,1,2,0,1,5,5,2020
8496,1985,2,0,0,-1,-1,5,6,2020
8537,1988,1,0,0,0,1,4,5,2020
8538,1982,2,1,0,2,2,4,5,2020
8562,1983,1,0,0,0,1,5,5,2020
8572,1979,1,0,0,2,1,4,5,2020
8640,1985,1,1,0,0,1,4,5,2020
8649,1985,1,0,0,0,1,5,5,2020
8690,1987,2,1,1,-1,-1,4,6,2020
8694,1982,1,0,0,1,1,4,5,2020
8775,1984,2,0,1,2,1,5,5,2020
8785,1981,1,0,0,0,1,4,5,2020
8865,1985,1,0,0,0,1,4,5,2020
8867,1986,2,1,0,0,1,4,5,2020
8893,1983,2,1,0,-1,-1,4,6,2020
8915,1983,2,1,0,-1,-1,4,6,2020
8935,1979,1,1,0,0,1,4,5,2020
8973,1982,1,0,0,2,1,4,5,2020
8999,1982,1,0,0,0,1,4,5,2020
9038,1981,1,0,0,1,1,4,5,2020
9059,1979,2,1,0,-1,-1,5,6,2020
9067,1978,1,1,0,2,2,4,5,2020
9094,1979,2,2,1,-1,-1,5,6,2020
9128,1982,2,1,1,2,1,4,5,2020
9151,1980,1,0,0,0,1,4,5,2020
9155,1982,2,0,0,-1,-1,4,6,2020
9163,1984,1,0,0,0,1,4,5,2020
9175,1982,1,1,0,2,1,4,5,2020
9202,1986,2,1,0,-1,-1,4,6,2020
9220,1981,2,0,0,2,1,4,5,2020
9352,1983,1,0,0,0,1,5,5,2020
9371,1983,1,0,0,2,1,4,5,2020
9416,1983,2,0,0,-1,-1,5,6,2020
9440,1985,2,1,0,2,1,4,5,2020
9484,1983,2,1,0,2,1,4,5,2020
9513,1983,1,1,2,1,1,4,5,2020
9555,1981,1,0,0,0,1,4,5,2020
9593,1985,2,1,1,0,1,4,5,2020
9599,1981,1,1,1,0,1,5,5,2020
9680,1982,1,1,0,0,1,4,5,2020
9694,1982,1,1,0,0,1,4,5,2020
9696,1986,2,1,0,-1,-1,4,6,2020
9709,1983,2,1,1,2,2,5,5,2020
9732,1987,2,1,2,0,1,4,5,2020
9794,1980,1,0,0,0,1,4,5,2020
9836,1980,1,0,0,0,1,4,5,2020
9837,1982,2,1,1,0,1,4,5,2020
9874,1983,2,1,0,-1,-1,4,6,2020
9934,1980,1,1,0,0,1,4,5,2020
9940,1982,2,1,0,-1,-1,4,6,2020
9950,1984,2,1,2,2,1,5,5,2020
10039,1980,1,1,0,0,1,4,5,2020
10053,1980,1,0,0,2,1,4,5,2020
10099,1984,2,1,0,0,1,4,5,2020
10117,1983,1,1,0,2,1,4,5,2020
10141,1983,1,1,1,1,1,4,5,2020
10160,1981,2,1,0,2,1,4,5,2020
10161,1983,1,1,0,0,1,4,5,2020
10183,1986,2,1,0,2,1,4,5,2020
10195,1982,1,0,0,2,1,4,5,2020
